-- MySQL dump 10.17  Distrib 10.3.22-MariaDB, for debian-linux-gnu (x86_64)
--
-- Host: localhost    Database: infoprovas
-- ------------------------------------------------------
-- Server version	10.3.22-MariaDB-1ubuntu1

/*!40101 SET @OLD_CHARACTER_SET_CLIENT=@@CHARACTER_SET_CLIENT */;
/*!40101 SET @OLD_CHARACTER_SET_RESULTS=@@CHARACTER_SET_RESULTS */;
/*!40101 SET @OLD_COLLATION_CONNECTION=@@COLLATION_CONNECTION */;
/*!40101 SET NAMES utf8 */;
/*!40103 SET @OLD_TIME_ZONE=@@TIME_ZONE */;
/*!40103 SET TIME_ZONE='+00:00' */;
/*!40014 SET @OLD_UNIQUE_CHECKS=@@UNIQUE_CHECKS, UNIQUE_CHECKS=0 */;
/*!40014 SET @OLD_FOREIGN_KEY_CHECKS=@@FOREIGN_KEY_CHECKS, FOREIGN_KEY_CHECKS=0 */;
/*!40101 SET @OLD_SQL_MODE=@@SQL_MODE, SQL_MODE='NO_AUTO_VALUE_ON_ZERO' */;
/*!40111 SET @OLD_SQL_NOTES=@@SQL_NOTES, SQL_NOTES=0 */;

--
-- Table structure for table `banned_users`
--

DROP TABLE IF EXISTS `banned_users`;
/*!40101 SET @saved_cs_client     = @@character_set_client */;
/*!40101 SET character_set_client = utf8 */;
CREATE TABLE `banned_users` (
  `id` bigint(20) unsigned NOT NULL AUTO_INCREMENT,
  `google_id` varchar(90) COLLATE utf8mb4_unicode_ci NOT NULL,
  PRIMARY KEY (`id`)
) ENGINE=InnoDB DEFAULT CHARSET=utf8mb4 COLLATE=utf8mb4_unicode_ci;
/*!40101 SET character_set_client = @saved_cs_client */;

--
-- Dumping data for table `banned_users`
--

LOCK TABLES `banned_users` WRITE;
/*!40000 ALTER TABLE `banned_users` DISABLE KEYS */;
/*!40000 ALTER TABLE `banned_users` ENABLE KEYS */;
UNLOCK TABLES;

--
-- Table structure for table `contacts`
--

DROP TABLE IF EXISTS `contacts`;
/*!40101 SET @saved_cs_client     = @@character_set_client */;
/*!40101 SET character_set_client = utf8 */;
CREATE TABLE `contacts` (
  `id` bigint(20) unsigned NOT NULL AUTO_INCREMENT,
  `name` varchar(255) COLLATE utf8mb4_unicode_ci NOT NULL,
  `email` varchar(255) COLLATE utf8mb4_unicode_ci NOT NULL,
  `subject` varchar(255) COLLATE utf8mb4_unicode_ci NOT NULL,
  `message` text COLLATE utf8mb4_unicode_ci NOT NULL,
  `created_at` timestamp NULL DEFAULT NULL,
  `updated_at` timestamp NULL DEFAULT NULL,
  PRIMARY KEY (`id`)
) ENGINE=InnoDB AUTO_INCREMENT=3 DEFAULT CHARSET=utf8mb4 COLLATE=utf8mb4_unicode_ci;
/*!40101 SET character_set_client = @saved_cs_client */;

--
-- Dumping data for table `contacts`
--

LOCK TABLES `contacts` WRITE;
/*!40000 ALTER TABLE `contacts` DISABLE KEYS */;
/*!40000 ALTER TABLE `contacts` ENABLE KEYS */;
UNLOCK TABLES;

--
-- Table structure for table `courses`
--

DROP TABLE IF EXISTS `courses`;
/*!40101 SET @saved_cs_client     = @@character_set_client */;
/*!40101 SET character_set_client = utf8 */;
CREATE TABLE `courses` (
  `id` bigint(20) unsigned NOT NULL AUTO_INCREMENT,
  `nome` varchar(255) COLLATE utf8mb4_unicode_ci NOT NULL,
  PRIMARY KEY (`id`)
) ENGINE=InnoDB AUTO_INCREMENT=3 DEFAULT CHARSET=utf8mb4 COLLATE=utf8mb4_unicode_ci;
/*!40101 SET character_set_client = @saved_cs_client */;

--
-- Dumping data for table `courses`
--

LOCK TABLES `courses` WRITE;
/*!40000 ALTER TABLE `courses` DISABLE KEYS */;
INSERT INTO `courses` VALUES (1,'Ciência da Computação'),(2,'Administração');
/*!40000 ALTER TABLE `courses` ENABLE KEYS */;
UNLOCK TABLES;

--
-- Table structure for table `exam_types`
--

DROP TABLE IF EXISTS `exam_types`;
/*!40101 SET @saved_cs_client     = @@character_set_client */;
/*!40101 SET character_set_client = utf8 */;
CREATE TABLE `exam_types` (
  `id` bigint(20) unsigned NOT NULL AUTO_INCREMENT,
  `name` varchar(255) COLLATE utf8mb4_unicode_ci NOT NULL,
  `order` int(11) NOT NULL,
  PRIMARY KEY (`id`)
) ENGINE=InnoDB AUTO_INCREMENT=7 DEFAULT CHARSET=utf8mb4 COLLATE=utf8mb4_unicode_ci;
/*!40101 SET character_set_client = @saved_cs_client */;

--
-- Dumping data for table `exam_types`
--

LOCK TABLES `exam_types` WRITE;
/*!40000 ALTER TABLE `exam_types` DISABLE KEYS */;
INSERT INTO `exam_types` VALUES (1,'Prova 1',1),(2,'Prova 2',2),(3,'Prova 3',3),(4,'Prova Final',4),(5,'2ª Chamada',5),(6,'Outros',6);
/*!40000 ALTER TABLE `exam_types` ENABLE KEYS */;
UNLOCK TABLES;

--
-- Table structure for table `exams`
--

DROP TABLE IF EXISTS `exams`;
/*!40101 SET @saved_cs_client     = @@character_set_client */;
/*!40101 SET character_set_client = utf8 */;
CREATE TABLE `exams` (
  `id` bigint(20) unsigned NOT NULL AUTO_INCREMENT,
  `semester` varchar(6) COLLATE utf8mb4_unicode_ci NOT NULL,
  `file` varchar(255) COLLATE utf8mb4_unicode_ci NOT NULL DEFAULT '',
  `google_id` varchar(90) COLLATE utf8mb4_unicode_ci DEFAULT NULL,
  `reports` int(10) unsigned NOT NULL DEFAULT 0,
  `subject_id` bigint(20) unsigned NOT NULL,
  `professor_id` bigint(20) unsigned NOT NULL,
  `exam_type_id` bigint(20) unsigned NOT NULL,
  `created_at` timestamp NULL DEFAULT NULL,
  `updated_at` timestamp NULL DEFAULT NULL,
  `deleted_at` timestamp NULL DEFAULT NULL,
  PRIMARY KEY (`id`),
  KEY `exams_subject_id_foreign` (`subject_id`),
  KEY `exams_professor_id_foreign` (`professor_id`),
  KEY `exams_exam_type_id_foreign` (`exam_type_id`),
  CONSTRAINT `exams_exam_type_id_foreign` FOREIGN KEY (`exam_type_id`) REFERENCES `exam_types` (`id`),
  CONSTRAINT `exams_professor_id_foreign` FOREIGN KEY (`professor_id`) REFERENCES `professors` (`id`),
  CONSTRAINT `exams_subject_id_foreign` FOREIGN KEY (`subject_id`) REFERENCES `subjects` (`id`)
) ENGINE=InnoDB AUTO_INCREMENT=549 DEFAULT CHARSET=utf8mb4 COLLATE=utf8mb4_unicode_ci;
/*!40101 SET character_set_client = @saved_cs_client */;

--
-- Dumping data for table `exams`
--

LOCK TABLES `exams` WRITE;
/*!40000 ALTER TABLE `exams` DISABLE KEYS */;
INSERT INTO `exams` VALUES (1,'2006.1','to_be_filled','infoprovas_antigo',0,1,3,1,'2020-05-23 22:58:05','2020-05-23 22:58:05',NULL),(10,'2009.1','to_be_filled','infoprovas_antigo',0,1,3,2,'2020-05-23 22:58:05','2020-05-23 22:58:05',NULL),(20,'2010.2','to_be_filled','infoprovas_antigo',0,11,59,1,'2020-05-23 22:58:05','2020-05-23 22:58:05',NULL),(21,'2011.2','to_be_filled','infoprovas_antigo',0,28,50,2,'2020-05-23 22:58:05','2020-05-23 22:58:05',NULL),(22,'2012.1','to_be_filled','infoprovas_antigo',0,7,60,1,'2020-05-23 22:58:05','2020-05-23 22:58:05',NULL),(23,'2012.1','to_be_filled','infoprovas_antigo',0,14,10,2,'2020-05-23 22:58:05','2020-05-23 22:58:05',NULL),(24,'2012.1','to_be_filled','infoprovas_antigo',0,10,3,1,'2020-05-23 22:58:05','2020-05-23 22:58:05',NULL),(25,'2012.1','to_be_filled','infoprovas_antigo',0,7,61,2,'2020-05-23 22:58:05','2020-05-23 22:58:05',NULL),(26,'2012.1','to_be_filled','infoprovas_antigo',0,7,61,4,'2020-05-23 22:58:05','2020-05-23 22:58:05',NULL),(27,'2010.1','to_be_filled','infoprovas_antigo',0,2,62,1,'2020-05-23 22:58:05','2020-05-23 22:58:05',NULL),(30,'2010.1','to_be_filled','infoprovas_antigo',0,2,62,2,'2020-05-23 22:58:05','2020-05-23 22:58:05',NULL),(31,'2010.1','to_be_filled','infoprovas_antigo',0,2,62,3,'2020-05-23 22:58:05','2020-05-23 22:58:05',NULL),(32,'2012.1','to_be_filled','infoprovas_antigo',0,20,52,1,'2020-05-23 22:58:05','2020-05-23 22:58:05',NULL),(33,'2012.1','to_be_filled','infoprovas_antigo',0,11,63,1,'2020-05-23 22:58:05','2020-05-23 22:58:05',NULL),(34,'2012.1','to_be_filled','infoprovas_antigo',0,11,63,2,'2020-05-23 22:58:05','2020-05-23 22:58:05',NULL),(35,'2012.1','to_be_filled','infoprovas_antigo',0,11,63,4,'2020-05-23 22:58:05','2020-05-23 22:58:05',NULL),(36,'2011.2','to_be_filled','infoprovas_antigo',0,33,55,1,'2020-05-23 22:58:05','2020-05-23 22:58:05',NULL),(37,'2011.2','to_be_filled','infoprovas_antigo',0,33,55,2,'2020-05-23 22:58:05','2020-05-23 22:58:05',NULL),(38,'2011.2','to_be_filled','infoprovas_antigo',0,33,55,4,'2020-05-23 22:58:05','2020-05-23 22:58:05',NULL),(39,'2011.1','to_be_filled','infoprovas_antigo',0,33,7,2,'2020-05-23 22:58:05','2020-05-23 22:58:05',NULL),(40,'2004.2','to_be_filled','infoprovas_antigo',0,1,3,1,'2020-05-23 22:58:05','2020-05-23 22:58:05',NULL),(41,'2005.1','to_be_filled','infoprovas_antigo',0,1,3,1,'2020-05-23 22:58:05','2020-05-23 22:58:05',NULL),(42,'2005.2','to_be_filled','infoprovas_antigo',0,1,3,1,'2020-05-23 22:58:05','2020-05-23 22:58:05',NULL),(43,'2009.1','to_be_filled','infoprovas_antigo',0,3,51,1,'2020-05-23 22:58:05','2020-05-23 22:58:05',NULL),(44,'2009.1','to_be_filled','infoprovas_antigo',0,3,51,2,'2020-05-23 22:58:05','2020-05-23 22:58:05',NULL),(45,'2009.1','to_be_filled','infoprovas_antigo',0,3,51,3,'2020-05-23 22:58:05','2020-05-23 22:58:05',NULL),(46,'2003.2','to_be_filled','infoprovas_antigo',0,3,51,4,'2020-05-23 22:58:05','2020-05-23 22:58:05',NULL),(47,'2005.1','to_be_filled','infoprovas_antigo',0,3,64,4,'2020-05-23 22:58:05','2020-05-23 22:58:05',NULL),(48,'2010.1','to_be_filled','infoprovas_antigo',0,4,4,1,'2020-05-23 22:58:05','2020-05-23 22:58:05',NULL),(49,'2009.1','to_be_filled','infoprovas_antigo',0,4,4,2,'2020-05-23 22:58:05','2020-05-23 22:58:05',NULL),(50,'2008.2','to_be_filled','infoprovas_antigo',0,4,4,1,'2020-05-23 22:58:05','2020-05-23 22:58:05',NULL),(51,'2006.2','to_be_filled','infoprovas_antigo',0,4,4,4,'2020-05-23 22:58:05','2020-05-23 22:58:05',NULL),(52,'2006.2','to_be_filled','infoprovas_antigo',0,4,4,1,'2020-05-23 22:58:05','2020-05-23 22:58:05',NULL),(53,'2003.2','to_be_filled','infoprovas_antigo',0,4,4,2,'2020-05-23 22:58:05','2020-05-23 22:58:05',NULL),(54,'2003.2','to_be_filled','infoprovas_antigo',0,4,4,1,'2020-05-23 22:58:05','2020-05-23 22:58:05',NULL),(55,'2002.1','to_be_filled','infoprovas_antigo',0,4,4,4,'2020-05-23 22:58:05','2020-05-23 22:58:05',NULL),(56,'2001.2','to_be_filled','infoprovas_antigo',0,4,4,1,'2020-05-23 22:58:05','2020-05-23 22:58:05',NULL),(57,'2001.2','to_be_filled','infoprovas_antigo',0,4,4,4,'2020-05-23 22:58:05','2020-05-23 22:58:05',NULL),(58,'2001.2','to_be_filled','infoprovas_antigo',0,4,4,2,'2020-05-23 22:58:05','2020-05-23 22:58:05',NULL),(59,'2001.1','to_be_filled','infoprovas_antigo',0,4,4,2,'2020-05-23 22:58:05','2020-05-23 22:58:05',NULL),(60,'2001.1','to_be_filled','infoprovas_antigo',0,4,4,1,'2020-05-23 22:58:05','2020-05-23 22:58:05',NULL),(61,'2012.1','to_be_filled','infoprovas_antigo',0,12,30,3,'2020-05-23 22:58:05','2020-05-23 22:58:05',NULL),(62,'2012.1','to_be_filled','infoprovas_antigo',0,12,30,2,'2020-05-23 22:58:05','2020-05-23 22:58:05',NULL),(63,'2012.1','to_be_filled','infoprovas_antigo',0,12,30,1,'2020-05-23 22:58:05','2020-05-23 22:58:05',NULL),(64,'2011.1','to_be_filled','infoprovas_antigo',0,16,65,1,'2020-05-23 22:58:05','2020-05-23 22:58:05',NULL),(65,'2011.1','to_be_filled','infoprovas_antigo',0,16,65,2,'2020-05-23 22:58:05','2020-05-23 22:58:05',NULL),(66,'2011.1','to_be_filled','infoprovas_antigo',0,16,65,4,'2020-05-23 22:58:05','2020-05-23 22:58:05',NULL),(67,'2010.1','to_be_filled','infoprovas_antigo',0,18,11,1,'2020-05-23 22:58:05','2020-05-23 22:58:05',NULL),(68,'2010.1','to_be_filled','infoprovas_antigo',0,18,11,2,'2020-05-23 22:58:05','2020-05-23 22:58:05',NULL),(69,'2012.2','to_be_filled','infoprovas_antigo',0,11,66,1,'2020-05-23 22:58:05','2020-05-23 22:58:05',NULL),(70,'2012.2','to_be_filled','infoprovas_antigo',0,12,30,1,'2020-05-23 22:58:05','2020-05-23 22:58:05',NULL),(71,'2012.1','to_be_filled','infoprovas_antigo',0,3,32,1,'2020-05-23 22:58:05','2020-05-23 22:58:05',NULL),(72,'2012.2','to_be_filled','infoprovas_antigo',0,16,67,1,'2020-05-23 22:58:05','2020-05-23 22:58:05',NULL),(73,'2011.1','to_be_filled','infoprovas_antigo',0,7,58,1,'2020-05-23 22:58:05','2020-05-23 22:58:05',NULL),(74,'2011.1','to_be_filled','infoprovas_antigo',0,7,58,2,'2020-05-23 22:58:05','2020-05-23 22:58:05',NULL),(75,'2011.1','to_be_filled','infoprovas_antigo',0,7,58,4,'2020-05-23 22:58:05','2020-05-23 22:58:05',NULL),(76,'2011.1','to_be_filled','infoprovas_antigo',0,7,58,4,'2020-05-23 22:58:05','2020-05-23 22:58:05',NULL),(77,'2011.1','to_be_filled','infoprovas_antigo',0,7,58,3,'2020-05-23 22:58:05','2020-05-23 22:58:05',NULL),(78,'2011.2','to_be_filled','infoprovas_antigo',0,12,51,1,'2020-05-23 22:58:05','2020-05-23 22:58:05',NULL),(79,'2011.2','to_be_filled','infoprovas_antigo',0,12,51,2,'2020-05-23 22:58:05','2020-05-23 22:58:05',NULL),(80,'2012.2','to_be_filled','infoprovas_antigo',0,12,30,2,'2020-05-23 22:58:05','2020-05-23 22:58:05',NULL),(81,'2011.2','to_be_filled','infoprovas_antigo',0,14,10,2,'2020-05-23 22:58:05','2020-05-23 22:58:05',NULL),(82,'2011.2','to_be_filled','infoprovas_antigo',0,14,10,4,'2020-05-23 22:58:05','2020-05-23 22:58:05',NULL),(83,'2011.2','to_be_filled','infoprovas_antigo',0,14,11,5,'2020-05-23 22:58:05','2020-05-23 22:58:05',NULL),(84,'2011.2','to_be_filled','infoprovas_antigo',0,15,43,1,'2020-05-23 22:58:05','2020-05-23 22:58:05',NULL),(85,'2011.2','to_be_filled','infoprovas_antigo',0,15,43,2,'2020-05-23 22:58:05','2020-05-23 22:58:05',NULL),(86,'2011.2','to_be_filled','infoprovas_antigo',0,15,43,4,'2020-05-23 22:58:05','2020-05-23 22:58:05',NULL),(87,'2011.2','to_be_filled','infoprovas_antigo',0,16,68,1,'2020-05-23 22:58:05','2020-05-23 22:58:05',NULL),(88,'2011.2','to_be_filled','infoprovas_antigo',0,16,68,2,'2020-05-23 22:58:05','2020-05-23 22:58:05',NULL),(89,'2011.2','to_be_filled','infoprovas_antigo',0,16,68,4,'2020-05-23 22:58:05','2020-05-23 22:58:05',NULL),(90,'2012.2','to_be_filled','infoprovas_antigo',0,11,66,2,'2020-05-23 22:58:05','2020-05-23 22:58:05',NULL),(91,'2011.2','to_be_filled','infoprovas_antigo',0,14,10,5,'2020-05-23 22:58:05','2020-05-23 22:58:05',NULL),(92,'2012.2','to_be_filled','infoprovas_antigo',0,20,52,1,'2020-05-23 22:58:05','2020-05-23 22:58:05',NULL),(93,'2011.2','to_be_filled','infoprovas_antigo',0,7,65,1,'2020-05-23 22:58:05','2020-05-23 22:58:05',NULL),(94,'2013.2','to_be_filled','infoprovas_antigo',0,4,4,2,'2020-05-23 22:58:05','2020-05-23 22:58:05',NULL),(95,'2012.2','to_be_filled','infoprovas_antigo',0,20,52,2,'2020-05-23 22:58:05','2020-05-23 22:58:05',NULL),(96,'2012.2','to_be_filled','infoprovas_antigo',0,28,50,2,'2020-05-23 22:58:05','2020-05-23 22:58:05',NULL),(97,'2012.2','to_be_filled','infoprovas_antigo',0,14,10,4,'2020-05-23 22:58:05','2020-05-23 22:58:05',NULL),(98,'2012.2','to_be_filled','infoprovas_antigo',0,14,10,5,'2020-05-23 22:58:05','2020-05-23 22:58:05',NULL),(99,'2012.2','to_be_filled','infoprovas_antigo',0,8,39,1,'2020-05-23 22:58:05','2020-05-23 22:58:05',NULL),(100,'2012.2','to_be_filled','infoprovas_antigo',0,20,52,5,'2020-05-23 22:58:05','2020-05-23 22:58:05',NULL),(101,'2012.2','to_be_filled','infoprovas_antigo',0,20,52,4,'2020-05-23 22:58:05','2020-05-23 22:58:05',NULL),(102,'2012.2','to_be_filled','infoprovas_antigo',0,17,58,1,'2020-05-23 22:58:05','2020-05-23 22:58:05',NULL),(103,'2012.1','to_be_filled','infoprovas_antigo',0,18,11,1,'2020-05-23 22:58:05','2020-05-23 22:58:05',NULL),(104,'2012.1','to_be_filled','infoprovas_antigo',0,18,11,2,'2020-05-23 22:58:05','2020-05-23 22:58:05',NULL),(105,'2012.1','to_be_filled','infoprovas_antigo',0,18,11,4,'2020-05-23 22:58:05','2020-05-23 22:58:05',NULL),(106,'2011.2','to_be_filled','infoprovas_antigo',0,7,65,2,'2020-05-23 22:58:05','2020-05-23 22:58:05',NULL),(107,'2012.2','to_be_filled','infoprovas_antigo',0,12,30,5,'2020-05-23 22:58:05','2020-05-23 22:58:05',NULL),(108,'2012.2','to_be_filled','infoprovas_antigo',0,12,30,4,'2020-05-23 22:58:05','2020-05-23 22:58:05',NULL),(109,'2012.2','to_be_filled','infoprovas_antigo',0,12,30,3,'2020-05-23 22:58:05','2020-05-23 22:58:05',NULL),(110,'2012.2','to_be_filled','infoprovas_antigo',0,11,66,3,'2020-05-23 22:58:05','2020-05-23 22:58:05',NULL),(111,'2012.2','to_be_filled','infoprovas_antigo',0,11,66,4,'2020-05-23 22:58:05','2020-05-23 22:58:05',NULL),(112,'2012.2','to_be_filled','infoprovas_antigo',0,6,16,1,'2020-05-23 22:58:05','2020-05-23 22:58:05',NULL),(113,'2012.2','to_be_filled','infoprovas_antigo',0,6,16,2,'2020-05-23 22:58:05','2020-05-23 22:58:05',NULL),(114,'2013.1','to_be_filled','infoprovas_antigo',0,13,51,6,'2020-05-23 22:58:05','2020-05-23 22:58:05',NULL),(115,'2003.1','to_be_filled','infoprovas_antigo',0,13,51,6,'2020-05-23 22:58:05','2020-05-23 22:58:05',NULL),(116,'2004.2','to_be_filled','infoprovas_antigo',0,13,51,6,'2020-05-23 22:58:05','2020-05-23 22:58:05',NULL),(117,'2005.1','to_be_filled','infoprovas_antigo',0,13,51,6,'2020-05-23 22:58:05','2020-05-23 22:58:05',NULL),(118,'2009.1','to_be_filled','infoprovas_antigo',0,13,51,6,'2020-05-23 22:58:05','2020-05-23 22:58:05',NULL),(119,'1999.1','to_be_filled','infoprovas_antigo',0,13,51,6,'2020-05-23 22:58:05','2020-05-23 22:58:05',NULL),(120,'2002.2','to_be_filled','infoprovas_antigo',0,10,3,2,'2020-05-23 22:58:05','2020-05-23 22:58:05',NULL),(121,'2001.1','to_be_filled','infoprovas_antigo',0,11,70,1,'2020-05-23 22:58:05','2020-05-23 22:58:05',NULL),(122,'2001.2','to_be_filled','infoprovas_antigo',0,11,70,1,'2020-05-23 22:58:05','2020-05-23 22:58:05',NULL),(123,'2013.1','to_be_filled','infoprovas_antigo',0,10,3,1,'2020-05-23 22:58:05','2020-05-23 22:58:05',NULL),(124,'2003.1','to_be_filled','infoprovas_antigo',0,10,3,2,'2020-05-23 22:58:05','2020-05-23 22:58:05',NULL),(125,'2003.1','to_be_filled','infoprovas_antigo',0,10,3,4,'2020-05-23 22:58:05','2020-05-23 22:58:05',NULL),(126,'2004.1','to_be_filled','infoprovas_antigo',0,21,69,1,'2020-05-23 22:58:05','2020-05-23 22:58:05',NULL),(127,'2004.1','to_be_filled','infoprovas_antigo',0,21,69,2,'2020-05-23 22:58:05','2020-05-23 22:58:05',NULL),(128,'2005.2','to_be_filled','infoprovas_antigo',0,19,71,1,'2020-05-23 22:58:05','2020-05-23 22:58:05',NULL),(129,'2013.1','to_be_filled','infoprovas_antigo',0,22,42,1,'2020-05-23 22:58:05','2020-05-23 22:58:05',NULL),(130,'2005.1','to_be_filled','infoprovas_antigo',0,11,72,2,'2020-05-23 22:58:05','2020-05-23 22:58:05',NULL),(131,'2004.1','to_be_filled','infoprovas_antigo',0,15,43,1,'2020-05-23 22:58:05','2020-05-23 22:58:05',NULL),(132,'2004.1','to_be_filled','infoprovas_antigo',0,15,43,2,'2020-05-23 22:58:05','2020-05-23 22:58:05',NULL),(133,'2004.1','to_be_filled','infoprovas_antigo',0,15,43,4,'2020-05-23 22:58:05','2020-05-23 22:58:05',NULL),(134,'2002.1','to_be_filled','infoprovas_antigo',0,8,69,1,'2020-05-23 22:58:05','2020-05-23 22:58:05',NULL),(135,'2005.2','to_be_filled','infoprovas_antigo',0,58,21,1,'2020-05-23 22:58:05','2020-05-23 22:58:05',NULL),(136,'2005.2','to_be_filled','infoprovas_antigo',0,25,48,1,'2020-05-23 22:58:05','2020-05-23 22:58:05',NULL),(137,'2005.2','to_be_filled','infoprovas_antigo',0,25,48,2,'2020-05-23 22:58:05','2020-05-23 22:58:05',NULL),(138,'2005.2','to_be_filled','infoprovas_antigo',0,25,48,3,'2020-05-23 22:58:05','2020-05-23 22:58:05',NULL),(139,'2003.2','to_be_filled','infoprovas_antigo',0,27,4,1,'2020-05-23 22:58:05','2020-05-23 22:58:05',NULL),(140,'2003.2','to_be_filled','infoprovas_antigo',0,27,4,4,'2020-05-23 22:58:05','2020-05-23 22:58:05',NULL),(141,'2005.2','to_be_filled','infoprovas_antigo',0,49,73,1,'2020-05-23 22:58:05','2020-05-23 22:58:05',NULL),(142,'2005.2','to_be_filled','infoprovas_antigo',0,49,73,2,'2020-05-23 22:58:05','2020-05-23 22:58:05',NULL),(143,'2001.2','to_be_filled','infoprovas_antigo',0,12,74,5,'2020-05-23 22:58:05','2020-05-23 22:58:05',NULL),(144,'2001.2','to_be_filled','infoprovas_antigo',0,12,74,2,'2020-05-23 22:58:05','2020-05-23 22:58:05',NULL),(145,'2003.2','to_be_filled','infoprovas_antigo',0,19,75,1,'2020-05-23 22:58:05','2020-05-23 22:58:05',NULL),(146,'2004.1','to_be_filled','infoprovas_antigo',0,16,76,2,'2020-05-23 22:58:05','2020-05-23 22:58:05',NULL),(147,'2001.1','to_be_filled','infoprovas_antigo',0,2,62,1,'2020-05-23 22:58:05','2020-05-23 22:58:05',NULL),(148,'2001.1','to_be_filled','infoprovas_antigo',0,2,62,6,'2020-05-23 22:58:05','2020-05-23 22:58:05',NULL),(149,'2001.1','to_be_filled','infoprovas_antigo',0,2,62,6,'2020-05-23 22:58:05','2020-05-23 22:58:05',NULL),(150,'2004.1','to_be_filled','infoprovas_antigo',0,11,77,1,'2020-05-23 22:58:05','2020-05-23 22:58:05',NULL),(151,'2004.1','to_be_filled','infoprovas_antigo',0,11,77,2,'2020-05-23 22:58:05','2020-05-23 22:58:05',NULL),(152,'2004.1','to_be_filled','infoprovas_antigo',0,11,77,6,'2020-05-23 22:58:05','2020-05-23 22:58:05',NULL),(153,'2003.1','to_be_filled','infoprovas_antigo',0,18,78,2,'2020-05-23 22:58:05','2020-05-23 22:58:05',NULL),(154,'2003.1','to_be_filled','infoprovas_antigo',0,18,78,1,'2020-05-23 22:58:05','2020-05-23 22:58:05',NULL),(155,'2002.2','to_be_filled','infoprovas_antigo',0,13,22,2,'2020-05-23 22:58:05','2020-05-23 22:58:05',NULL),(156,'2002.2','to_be_filled','infoprovas_antigo',0,13,22,1,'2020-05-23 22:58:05','2020-05-23 22:58:05',NULL),(157,'2002.1','to_be_filled','infoprovas_antigo',0,13,22,1,'2020-05-23 22:58:05','2020-05-23 22:58:05',NULL),(158,'1999.1','to_be_filled','infoprovas_antigo',0,13,22,5,'2020-05-23 22:58:05','2020-05-23 22:58:05',NULL),(159,'2003.1','to_be_filled','infoprovas_antigo',0,14,10,1,'2020-05-23 22:58:05','2020-05-23 22:58:05',NULL),(160,'2003.1','to_be_filled','infoprovas_antigo',0,14,10,2,'2020-05-23 22:58:05','2020-05-23 22:58:05',NULL),(161,'2005.2','to_be_filled','infoprovas_antigo',0,14,10,1,'2020-05-23 22:58:05','2020-05-23 22:58:05',NULL),(162,'2006.2','to_be_filled','infoprovas_antigo',0,14,10,2,'2020-05-23 22:58:05','2020-05-23 22:58:05',NULL),(163,'2007.1','to_be_filled','infoprovas_antigo',0,14,10,4,'2020-05-23 22:58:05','2020-05-23 22:58:05',NULL),(164,'2008.1','to_be_filled','infoprovas_antigo',0,14,10,1,'2020-05-23 22:58:05','2020-05-23 22:58:05',NULL),(165,'2009.1','to_be_filled','infoprovas_antigo',0,14,10,1,'2020-05-23 22:58:05','2020-05-23 22:58:05',NULL),(166,'2012.2','to_be_filled','infoprovas_antigo',0,6,16,3,'2020-05-23 22:58:05','2020-05-23 22:58:05',NULL),(167,'2012.1','to_be_filled','infoprovas_antigo',0,6,16,3,'2020-05-23 22:58:05','2020-05-23 22:58:05',NULL),(168,'2012.1','to_be_filled','infoprovas_antigo',0,6,16,1,'2020-05-23 22:58:05','2020-05-23 22:58:05',NULL),(169,'2012.1','to_be_filled','infoprovas_antigo',0,6,16,2,'2020-05-23 22:58:05','2020-05-23 22:58:05',NULL),(170,'2013.1','to_be_filled','infoprovas_antigo',0,15,43,1,'2020-05-23 22:58:05','2020-05-23 22:58:05',NULL),(171,'2013.1','to_be_filled','infoprovas_antigo',0,31,33,1,'2020-05-23 22:58:05','2020-05-23 22:58:05',NULL),(172,'2003.2','to_be_filled','infoprovas_antigo',0,8,53,2,'2020-05-23 22:58:05','2020-05-23 22:58:05',NULL),(173,'2003.1','to_be_filled','infoprovas_antigo',0,8,53,2,'2020-05-23 22:58:05','2020-05-23 22:58:05',NULL),(174,'2004.2','to_be_filled','infoprovas_antigo',0,8,53,1,'2020-05-23 22:58:05','2020-05-23 22:58:05',NULL),(175,'2006.1','to_be_filled','infoprovas_antigo',0,8,53,1,'2020-05-23 22:58:05','2020-05-23 22:58:05',NULL),(176,'2006.1','to_be_filled','infoprovas_antigo',0,8,53,2,'2020-05-23 22:58:05','2020-05-23 22:58:05',NULL),(177,'2006.2','to_be_filled','infoprovas_antigo',0,2,79,1,'2020-05-23 22:58:05','2020-05-23 22:58:05',NULL),(178,'2006.2','to_be_filled','infoprovas_antigo',0,2,79,2,'2020-05-23 22:58:05','2020-05-23 22:58:05',NULL),(179,'2006.2','to_be_filled','infoprovas_antigo',0,2,79,4,'2020-05-23 22:58:05','2020-05-23 22:58:05',NULL),(180,'2007.2','to_be_filled','infoprovas_antigo',0,2,79,1,'2020-05-23 22:58:05','2020-05-23 22:58:05',NULL),(181,'2007.2','to_be_filled','infoprovas_antigo',0,2,79,2,'2020-05-23 22:58:05','2020-05-23 22:58:05',NULL),(182,'2008.1','to_be_filled','infoprovas_antigo',0,2,80,1,'2020-05-23 22:58:05','2020-05-23 22:58:05',NULL),(183,'2008.1','to_be_filled','infoprovas_antigo',0,2,80,2,'2020-05-23 22:58:05','2020-05-23 22:58:05',NULL),(184,'2008.2','to_be_filled','infoprovas_antigo',0,2,62,1,'2020-05-23 22:58:05','2020-05-23 22:58:05',NULL),(185,'2008.2','to_be_filled','infoprovas_antigo',0,2,62,2,'2020-05-23 22:58:05','2020-05-23 22:58:05',NULL),(186,'2008.2','to_be_filled','infoprovas_antigo',0,2,62,4,'2020-05-23 22:58:05','2020-05-23 22:58:05',NULL),(187,'2009.1','to_be_filled','infoprovas_antigo',0,2,81,2,'2020-05-23 22:58:05','2020-05-23 22:58:05',NULL),(188,'2009.1','to_be_filled','infoprovas_antigo',0,2,81,3,'2020-05-23 22:58:05','2020-05-23 22:58:05',NULL),(189,'2000.2','to_be_filled','infoprovas_antigo',0,4,4,2,'2020-05-23 22:58:05','2020-05-23 22:58:05',NULL),(190,'2004.2','to_be_filled','infoprovas_antigo',0,4,4,1,'2020-05-23 22:58:05','2020-05-23 22:58:05',NULL),(191,'2004.2','to_be_filled','infoprovas_antigo',0,4,4,2,'2020-05-23 22:58:05','2020-05-23 22:58:05',NULL),(192,'2004.2','to_be_filled','infoprovas_antigo',0,4,4,4,'2020-05-23 22:58:05','2020-05-23 22:58:05',NULL),(193,'2007.2','to_be_filled','infoprovas_antigo',0,4,4,1,'2020-05-23 22:58:05','2020-05-23 22:58:05',NULL),(194,'2009.1','to_be_filled','infoprovas_antigo',0,4,4,1,'2020-05-23 22:58:05','2020-05-23 22:58:05',NULL),(195,'2012.1','to_be_filled','infoprovas_antigo',0,4,4,1,'2020-05-23 22:58:05','2020-05-23 22:58:05',NULL),(196,'2011.1','to_be_filled','infoprovas_antigo',0,27,4,1,'2020-05-23 22:58:05','2020-05-23 22:58:05',NULL),(197,'2011.1','to_be_filled','infoprovas_antigo',0,27,4,4,'2020-05-23 22:58:05','2020-05-23 22:58:05',NULL),(198,'2011.2','to_be_filled','infoprovas_antigo',0,27,4,1,'2020-05-23 22:58:05','2020-05-23 22:58:05',NULL),(199,'2011.2','to_be_filled','infoprovas_antigo',0,27,4,4,'2020-05-23 22:58:05','2020-05-23 22:58:05',NULL),(200,'2013.1','to_be_filled','infoprovas_antigo',0,2,67,3,'2020-05-23 22:58:05','2020-05-23 22:58:05',NULL),(201,'2013.1','to_be_filled','infoprovas_antigo',0,2,67,1,'2020-05-23 22:58:05','2020-05-23 22:58:05',NULL),(202,'2013.1','to_be_filled','infoprovas_antigo',0,11,66,3,'2020-05-23 22:58:05','2020-05-23 22:58:05',NULL),(203,'2013.1','to_be_filled','infoprovas_antigo',0,16,80,1,'2020-05-23 22:58:05','2020-05-23 22:58:05',NULL),(204,'2012.2','to_be_filled','infoprovas_antigo',0,12,30,3,'2020-05-23 22:58:05','2020-05-23 22:58:05',NULL),(205,'2013.1','to_be_filled','infoprovas_antigo',0,31,33,2,'2020-05-23 22:58:05','2020-05-23 22:58:05',NULL),(206,'2013.1','to_be_filled','infoprovas_antigo',0,2,67,1,'2020-05-23 22:58:05','2020-05-23 22:58:05',NULL),(207,'2013.1','to_be_filled','infoprovas_antigo',0,2,67,3,'2020-05-23 22:58:05','2020-05-23 22:58:05',NULL),(208,'2013.1','to_be_filled','infoprovas_antigo',0,2,67,5,'2020-05-23 22:58:05','2020-05-23 22:58:05',NULL),(209,'2013.1','to_be_filled','infoprovas_antigo',0,2,67,4,'2020-05-23 22:58:05','2020-05-23 22:58:05',NULL),(210,'2013.1','to_be_filled','infoprovas_antigo',0,6,22,1,'2020-05-23 22:58:05','2020-05-23 22:58:05',NULL),(211,'2013.1','to_be_filled','infoprovas_antigo',0,6,22,2,'2020-05-23 22:58:05','2020-05-23 22:58:05',NULL),(212,'2012.2','to_be_filled','infoprovas_antigo',0,1,22,1,'2020-05-23 22:58:05','2020-05-23 22:58:05',NULL),(213,'2012.2','to_be_filled','infoprovas_antigo',0,1,22,2,'2020-05-23 22:58:05','2020-05-23 22:58:05',NULL),(214,'2012.2','to_be_filled','infoprovas_antigo',0,2,82,1,'2020-05-23 22:58:05','2020-05-23 22:58:05',NULL),(215,'2012.2','to_be_filled','infoprovas_antigo',0,2,82,2,'2020-05-23 22:58:05','2020-05-23 22:58:05',NULL),(216,'2012.2','to_be_filled','infoprovas_antigo',0,4,4,1,'2020-05-23 22:58:05','2020-05-23 22:58:05',NULL),(217,'2012.2','to_be_filled','infoprovas_antigo',0,4,4,2,'2020-05-23 22:58:05','2020-05-23 22:58:05',NULL),(218,'2013.1','to_be_filled','infoprovas_antigo',0,8,53,2,'2020-05-23 22:58:05','2020-05-23 22:58:05',NULL),(219,'2013.1','to_be_filled','infoprovas_antigo',0,14,10,2,'2020-05-23 22:58:05','2020-05-23 22:58:05',NULL),(220,'2013.1','to_be_filled','infoprovas_antigo',0,4,4,2,'2020-05-23 22:58:05','2020-05-23 22:58:05',NULL),(221,'2013.1','to_be_filled','infoprovas_antigo',0,8,53,3,'2020-05-23 22:58:05','2020-05-23 22:58:05',NULL),(222,'2013.1','to_be_filled','infoprovas_antigo',0,25,48,1,'2020-05-23 22:58:05','2020-05-23 22:58:05',NULL),(223,'2006.2','to_be_filled','infoprovas_antigo',0,25,48,4,'2020-05-23 22:58:05','2020-05-23 22:58:05',NULL),(224,'2013.1','to_be_filled','infoprovas_antigo',0,27,4,4,'2020-05-23 22:58:05','2020-05-23 22:58:05',NULL),(225,'2013.1','to_be_filled','infoprovas_antigo',0,28,50,2,'2020-05-23 22:58:05','2020-05-23 22:58:05',NULL),(226,'2013.1','to_be_filled','infoprovas_antigo',0,28,50,3,'2020-05-23 22:58:05','2020-05-23 22:58:05',NULL),(227,'2013.1','to_be_filled','infoprovas_antigo',0,28,50,1,'2020-05-23 22:58:05','2020-05-23 22:58:05',NULL),(228,'2013.1','to_be_filled','infoprovas_antigo',0,17,83,4,'2020-05-23 22:58:05','2020-05-23 22:58:05',NULL),(229,'2010.2','to_be_filled','infoprovas_antigo',0,14,10,1,'2020-05-23 22:58:05','2020-05-23 22:58:05',NULL),(230,'2011.1','to_be_filled','infoprovas_antigo',0,14,10,1,'2020-05-23 22:58:05','2020-05-23 22:58:05',NULL),(231,'2012.1','to_be_filled','infoprovas_antigo',0,14,10,2,'2020-05-23 22:58:05','2020-05-23 22:58:05',NULL),(232,'2012.1','to_be_filled','infoprovas_antigo',0,14,10,4,'2020-05-23 22:58:05','2020-05-23 22:58:05',NULL),(233,'2012.2','to_be_filled','infoprovas_antigo',0,14,10,1,'2020-05-23 22:58:05','2020-05-23 22:58:05',NULL),(234,'2012.2','to_be_filled','infoprovas_antigo',0,14,10,4,'2020-05-23 22:58:05','2020-05-23 22:58:05',NULL),(235,'2013.1','to_be_filled','infoprovas_antigo',0,14,10,2,'2020-05-23 22:58:05','2020-05-23 22:58:05',NULL),(236,'2011.1','to_be_filled','infoprovas_antigo',0,4,4,1,'2020-05-23 22:58:05','2020-05-23 22:58:05',NULL),(237,'2012.2','to_be_filled','infoprovas_antigo',0,16,67,5,'2020-05-23 22:58:05','2020-05-23 22:58:05',NULL),(238,'2012.2','to_be_filled','infoprovas_antigo',0,15,43,2,'2020-05-23 22:58:05','2020-05-23 22:58:05',NULL),(239,'2011.2','to_be_filled','infoprovas_antigo',0,6,38,2,'2020-05-23 22:58:05','2020-05-23 22:58:05',NULL),(240,'2013.2','to_be_filled','infoprovas_antigo',0,33,7,2,'2020-05-23 22:58:05','2020-05-23 22:58:05',NULL),(241,'2013.2','to_be_filled','infoprovas_antigo',0,16,84,1,'2020-05-23 22:58:05','2020-05-23 22:58:05',NULL),(242,'2013.2','to_be_filled','infoprovas_antigo',0,16,84,2,'2020-05-23 22:58:05','2020-05-23 22:58:05',NULL),(243,'2013.1','to_be_filled','infoprovas_antigo',0,30,79,1,'2020-05-23 22:58:05','2020-05-23 22:58:05',NULL),(244,'2013.2','to_be_filled','infoprovas_antigo',0,30,79,1,'2020-05-23 22:58:05','2020-05-23 22:58:05',NULL),(245,'2013.2','to_be_filled','infoprovas_antigo',0,30,79,2,'2020-05-23 22:58:05','2020-05-23 22:58:05',NULL),(246,'2013.2','to_be_filled','infoprovas_antigo',0,29,8,1,'2020-05-23 22:58:05','2020-05-23 22:58:05',NULL),(247,'2013.1','to_be_filled','infoprovas_antigo',0,29,8,2,'2020-05-23 22:58:05','2020-05-23 22:58:05',NULL),(248,'2013.1','to_be_filled','infoprovas_antigo',0,29,8,3,'2020-05-23 22:58:05','2020-05-23 22:58:05',NULL),(249,'2013.2','to_be_filled','infoprovas_antigo',0,20,43,1,'2020-05-23 22:58:05','2020-05-23 22:58:05',NULL),(250,'2013.2','to_be_filled','infoprovas_antigo',0,20,43,2,'2020-05-23 22:58:05','2020-05-23 22:58:05',NULL),(251,'2013.2','to_be_filled','infoprovas_antigo',0,27,4,1,'2020-05-23 22:58:05','2020-05-23 22:58:05',NULL),(252,'2013.2','to_be_filled','infoprovas_antigo',0,11,85,2,'2020-05-23 22:58:05','2020-05-23 22:58:05',NULL),(253,'2013.2','to_be_filled','infoprovas_antigo',0,11,85,1,'2020-05-23 22:58:05','2020-05-23 22:58:05',NULL),(254,'2013.1','to_be_filled','infoprovas_antigo',0,16,86,2,'2020-05-23 22:58:05','2020-05-23 22:58:05',NULL),(255,'2013.1','to_be_filled','infoprovas_antigo',0,15,43,4,'2020-05-23 22:58:05','2020-05-23 22:58:05',NULL),(256,'2012.1','to_be_filled','infoprovas_antigo',0,13,28,1,'2020-05-23 22:58:05','2020-05-23 22:58:05',NULL),(257,'2012.1','to_be_filled','infoprovas_antigo',0,14,10,1,'2020-05-23 22:58:05','2020-05-23 22:58:05',NULL),(258,'2012.1','to_be_filled','infoprovas_antigo',0,15,43,1,'2020-05-23 22:58:05','2020-05-23 22:58:05',NULL),(259,'2012.1','to_be_filled','infoprovas_antigo',0,12,30,4,'2020-05-23 22:58:05','2020-05-23 22:58:05',NULL),(260,'2012.1','to_be_filled','infoprovas_antigo',0,16,61,2,'2020-05-23 22:58:05','2020-05-23 22:58:05',NULL),(261,'2011.1','to_be_filled','infoprovas_antigo',0,4,4,2,'2020-05-23 22:58:05','2020-05-23 22:58:05',NULL),(262,'2013.1','to_be_filled','infoprovas_antigo',0,11,66,1,'2020-05-23 22:58:05','2020-05-23 22:58:05',NULL),(263,'2013.1','to_be_filled','infoprovas_antigo',0,11,66,2,'2020-05-23 22:58:05','2020-05-23 22:58:05',NULL),(264,'2013.1','to_be_filled','infoprovas_antigo',0,18,11,1,'2020-05-23 22:58:05','2020-05-23 22:58:05',NULL),(265,'2013.1','to_be_filled','infoprovas_antigo',0,15,43,2,'2020-05-23 22:58:05','2020-05-23 22:58:05',NULL),(266,'2009.1','to_be_filled','infoprovas_antigo',0,7,65,2,'2020-05-23 22:58:05','2020-05-23 22:58:05',NULL),(267,'2012.2','to_be_filled','infoprovas_antigo',0,29,8,1,'2020-05-23 22:58:05','2020-05-23 22:58:05',NULL),(268,'2013.2','to_be_filled','infoprovas_antigo',0,14,10,1,'2020-05-23 22:58:05','2020-05-23 22:58:05',NULL),(269,'2013.2','to_be_filled','infoprovas_antigo',0,14,10,1,'2020-05-23 22:58:05','2020-05-23 22:58:05',NULL),(270,'2013.2','to_be_filled','infoprovas_antigo',0,21,39,1,'2020-05-23 22:58:05','2020-05-23 22:58:05',NULL),(271,'2013.2','to_be_filled','infoprovas_antigo',0,21,39,2,'2020-05-23 22:58:05','2020-05-23 22:58:05',NULL),(272,'2014.1','to_be_filled','infoprovas_antigo',0,7,83,1,'2020-05-23 22:58:05','2020-05-23 22:58:05',NULL),(273,'2014.1','to_be_filled','infoprovas_antigo',0,11,66,2,'2020-05-23 22:58:05','2020-05-23 22:58:05',NULL),(274,'2013.2','to_be_filled','infoprovas_antigo',0,14,10,2,'2020-05-23 22:58:05','2020-05-23 22:58:05',NULL),(275,'2014.1','to_be_filled','infoprovas_antigo',0,22,42,3,'2020-05-23 22:58:05','2020-05-23 22:58:05',NULL),(276,'2014.1','to_be_filled','infoprovas_antigo',0,7,83,2,'2020-05-23 22:58:05','2020-05-23 22:58:05',NULL),(277,'2014.1','to_be_filled','infoprovas_antigo',0,10,3,1,'2020-05-23 22:58:05','2020-05-23 22:58:05',NULL),(278,'2014.1','to_be_filled','infoprovas_antigo',0,10,3,2,'2020-05-23 22:58:05','2020-05-23 22:58:05',NULL),(279,'2014.1','to_be_filled','infoprovas_antigo',0,11,66,4,'2020-05-23 22:58:05','2020-05-23 22:58:05',NULL),(280,'2012.1','to_be_filled','infoprovas_antigo',0,10,3,4,'2020-05-23 22:58:05','2020-05-23 22:58:05',NULL),(281,'2006.1','to_be_filled','infoprovas_antigo',0,10,3,4,'2020-05-23 22:58:05','2020-05-23 22:58:05',NULL),(282,'2005.1','to_be_filled','infoprovas_antigo',0,10,3,4,'2020-05-23 22:58:05','2020-05-23 22:58:05',NULL),(283,'2004.1','to_be_filled','infoprovas_antigo',0,10,3,4,'2020-05-23 22:58:05','2020-05-23 22:58:05',NULL),(284,'2003.2','to_be_filled','infoprovas_antigo',0,10,3,4,'2020-05-23 22:58:05','2020-05-23 22:58:05',NULL),(285,'2002.2','to_be_filled','infoprovas_antigo',0,10,3,4,'2020-05-23 22:58:05','2020-05-23 22:58:05',NULL),(286,'2002.1','to_be_filled','infoprovas_antigo',0,10,3,4,'2020-05-23 22:58:05','2020-05-23 22:58:05',NULL),(287,'2001.2','to_be_filled','infoprovas_antigo',0,10,3,4,'2020-05-23 22:58:05','2020-05-23 22:58:05',NULL),(288,'2014.1','to_be_filled','infoprovas_antigo',0,32,12,1,'2020-05-23 22:58:05','2020-05-23 22:58:05',NULL),(289,'2014.1','to_be_filled','infoprovas_antigo',0,32,12,2,'2020-05-23 22:58:05','2020-05-23 22:58:05',NULL),(290,'2014.1','to_be_filled','infoprovas_antigo',0,7,83,5,'2020-05-23 22:58:05','2020-05-23 22:58:05',NULL),(291,'2012.2','to_be_filled','infoprovas_antigo',0,11,66,5,'2020-05-23 22:58:05','2020-05-23 22:58:05',NULL),(292,'2013.2','to_be_filled','infoprovas_antigo',0,30,87,4,'2020-05-23 22:58:05','2020-05-23 22:58:05',NULL),(293,'2013.2','to_be_filled','infoprovas_antigo',0,30,87,5,'2020-05-23 22:58:05','2020-05-23 22:58:05',NULL),(294,'2013.2','to_be_filled','infoprovas_antigo',0,17,82,1,'2020-05-23 22:58:05','2020-05-23 22:58:05',NULL),(295,'2014.1','to_be_filled','infoprovas_antigo',0,12,51,1,'2020-05-23 22:58:05','2020-05-23 22:58:05',NULL),(296,'2014.1','to_be_filled','infoprovas_antigo',0,12,51,2,'2020-05-23 22:58:05','2020-05-23 22:58:05',NULL),(297,'2014.1','to_be_filled','infoprovas_antigo',0,16,83,1,'2020-05-23 22:58:05','2020-05-23 22:58:05',NULL),(298,'2014.1','to_be_filled','infoprovas_antigo',0,16,83,2,'2020-05-23 22:58:05','2020-05-23 22:58:05',NULL),(299,'2014.1','to_be_filled','infoprovas_antigo',0,16,83,4,'2020-05-23 22:58:05','2020-05-23 22:58:05',NULL),(300,'2014.1','to_be_filled','infoprovas_antigo',0,14,10,1,'2020-05-23 22:58:05','2020-05-23 22:58:05',NULL),(301,'2014.1','to_be_filled','infoprovas_antigo',0,14,10,2,'2020-05-23 22:58:05','2020-05-23 22:58:05',NULL),(302,'2014.1','to_be_filled','infoprovas_antigo',0,14,10,4,'2020-05-23 22:58:05','2020-05-23 22:58:05',NULL),(303,'2014.1','to_be_filled','infoprovas_antigo',0,11,66,1,'2020-05-23 22:58:05','2020-05-23 22:58:05',NULL),(304,'2014.1','to_be_filled','infoprovas_antigo',0,11,66,2,'2020-05-23 22:58:05','2020-05-23 22:58:05',NULL),(305,'2014.1','to_be_filled','infoprovas_antigo',0,11,66,3,'2020-05-23 22:58:05','2020-05-23 22:58:05',NULL),(306,'2014.1','to_be_filled','infoprovas_antigo',0,11,66,4,'2020-05-23 22:58:05','2020-05-23 22:58:05',NULL),(307,'2014.1','to_be_filled','infoprovas_antigo',0,20,43,1,'2020-05-23 22:58:05','2020-05-23 22:58:05',NULL),(308,'2014.2','to_be_filled','infoprovas_antigo',0,32,12,1,'2020-05-23 22:58:05','2020-05-23 22:58:05',NULL),(309,'2014.2','to_be_filled','infoprovas_antigo',0,49,73,1,'2020-05-23 22:58:05','2020-05-23 22:58:05',NULL),(310,'2014.1','to_be_filled','infoprovas_antigo',0,20,43,2,'2020-05-23 22:58:05','2020-05-23 22:58:05',NULL),(311,'2014.1','to_be_filled','infoprovas_antigo',0,20,43,4,'2020-05-23 22:58:05','2020-05-23 22:58:05',NULL),(312,'2014.2','to_be_filled','infoprovas_antigo',0,32,44,2,'2020-05-23 22:58:05','2020-05-23 22:58:05',NULL),(313,'2014.2','to_be_filled','infoprovas_antigo',0,16,68,1,'2020-05-23 22:58:05','2020-05-23 22:58:05',NULL),(314,'2014.2','to_be_filled','infoprovas_antigo',0,7,68,2,'2020-05-23 22:58:05','2020-05-23 22:58:05',NULL),(315,'2014.2','to_be_filled','infoprovas_antigo',0,18,30,1,'2020-05-23 22:58:05','2020-05-23 22:58:05',NULL),(316,'2014.2','to_be_filled','infoprovas_antigo',0,20,43,2,'2020-05-23 22:58:05','2020-05-23 22:58:05',NULL),(317,'2014.2','to_be_filled','infoprovas_antigo',0,20,43,4,'2020-05-23 22:58:05','2020-05-23 22:58:05',NULL),(318,'2014.2','to_be_filled','infoprovas_antigo',0,16,68,6,'2020-05-23 22:58:05','2020-05-23 22:58:05',NULL),(319,'2014.2','to_be_filled','infoprovas_antigo',0,18,30,2,'2020-05-23 22:58:05','2020-05-23 22:58:05',NULL),(320,'2014.2','to_be_filled','infoprovas_antigo',0,28,50,1,'2020-05-23 22:58:05','2020-05-23 22:58:05',NULL),(321,'2014.2','to_be_filled','infoprovas_antigo',0,28,50,2,'2020-05-23 22:58:05','2020-05-23 22:58:05',NULL),(322,'2014.2','to_be_filled','infoprovas_antigo',0,18,30,2,'2020-05-23 22:58:05','2020-05-23 22:58:05',NULL),(323,'2014.2','to_be_filled','infoprovas_antigo',0,18,30,2,'2020-05-23 22:58:05','2020-05-23 22:58:05',NULL),(324,'2014.2','to_be_filled','infoprovas_antigo',0,18,30,2,'2020-05-23 22:58:05','2020-05-23 22:58:05',NULL),(325,'2014.2','to_be_filled','infoprovas_antigo',0,16,68,2,'2020-05-23 22:58:05','2020-05-23 22:58:05',NULL),(326,'2014.2','to_be_filled','infoprovas_antigo',0,21,41,1,'2020-05-23 22:58:05','2020-05-23 22:58:05',NULL),(327,'2014.2','to_be_filled','infoprovas_antigo',0,16,82,4,'2020-05-23 22:58:05','2020-05-23 22:58:05',NULL),(328,'2014.2','to_be_filled','infoprovas_antigo',0,16,68,4,'2020-05-23 22:58:05','2020-05-23 22:58:05',NULL),(329,'2014.2','to_be_filled','infoprovas_antigo',0,16,82,5,'2020-05-23 22:58:05','2020-05-23 22:58:05',NULL),(330,'2014.2','to_be_filled','infoprovas_antigo',0,21,41,2,'2020-05-23 22:58:05','2020-05-23 22:58:05',NULL),(331,'2010.1','to_be_filled','infoprovas_antigo',0,32,44,1,'2020-05-23 22:58:05','2020-05-23 22:58:05',NULL),(332,'2011.1','to_be_filled','infoprovas_antigo',0,32,44,1,'2020-05-23 22:58:05','2020-05-23 22:58:05',NULL),(333,'2014.2','to_be_filled','infoprovas_antigo',0,34,18,1,'2020-05-23 22:58:05','2020-05-23 22:58:05',NULL),(334,'2014.2','to_be_filled','infoprovas_antigo',0,34,18,2,'2020-05-23 22:58:05','2020-05-23 22:58:05',NULL),(335,'2014.1','to_be_filled','infoprovas_antigo',0,32,44,3,'2020-05-23 22:58:05','2020-05-23 22:58:05',NULL),(336,'2014.2','to_be_filled','infoprovas_antigo',0,11,88,1,'2020-05-23 22:58:05','2020-05-23 22:58:05',NULL),(337,'2014.2','to_be_filled','infoprovas_antigo',0,11,88,2,'2020-05-23 22:58:05','2020-05-23 22:58:05',NULL),(338,'2014.2','to_be_filled','infoprovas_antigo',0,11,88,3,'2020-05-23 22:58:05','2020-05-23 22:58:05',NULL),(339,'2014.2','to_be_filled','infoprovas_antigo',0,11,88,4,'2020-05-23 22:58:05','2020-05-23 22:58:05',NULL),(340,'2014.2','to_be_filled','infoprovas_antigo',0,20,43,1,'2020-05-23 22:58:05','2020-05-23 22:58:05',NULL),(341,'2014.2','to_be_filled','infoprovas_antigo',0,18,30,4,'2020-05-23 22:58:05','2020-05-23 22:58:05',NULL),(342,'2015.2','to_be_filled','infoprovas_antigo',0,19,89,2,'2020-05-23 22:58:05','2020-05-23 22:58:05',NULL),(343,'2015.2','to_be_filled','infoprovas_antigo',0,19,89,1,'2020-05-23 22:58:05','2020-05-23 22:58:05',NULL),(344,'2011.1','to_be_filled','infoprovas_antigo',0,7,90,1,'2020-05-23 22:58:05','2020-05-23 22:58:05',NULL),(345,'2013.2','to_be_filled','infoprovas_antigo',0,17,82,2,'2020-05-23 22:58:05','2020-05-23 22:58:05',NULL),(346,'2014.2','to_be_filled','infoprovas_antigo',0,28,50,1,'2020-05-23 22:58:05','2020-05-23 22:58:05',NULL),(347,'2014.2','to_be_filled','infoprovas_antigo',0,28,50,2,'2020-05-23 22:58:05','2020-05-23 22:58:05',NULL),(348,'2014.2','to_be_filled','infoprovas_antigo',0,20,43,4,'2020-05-23 22:58:05','2020-05-23 22:58:05',NULL),(349,'2014.1','to_be_filled','infoprovas_antigo',0,19,75,3,'2020-05-23 22:58:05','2020-05-23 22:58:05',NULL),(350,'2014.2','to_be_filled','infoprovas_antigo',0,30,91,1,'2020-05-23 22:58:05','2020-05-23 22:58:05',NULL),(351,'2014.2','to_be_filled','infoprovas_antigo',0,30,91,2,'2020-05-23 22:58:05','2020-05-23 22:58:05',NULL),(352,'2011.1','to_be_filled','infoprovas_antigo',0,20,52,5,'2020-05-23 22:58:05','2020-05-23 22:58:05',NULL),(353,'2011.2','to_be_filled','infoprovas_antigo',0,20,52,5,'2020-05-23 22:58:05','2020-05-23 22:58:05',NULL),(354,'2012.1','to_be_filled','infoprovas_antigo',0,20,52,5,'2020-05-23 22:58:05','2020-05-23 22:58:05',NULL),(355,'2013.1','to_be_filled','infoprovas_antigo',0,20,52,5,'2020-05-23 22:58:05','2020-05-23 22:58:05',NULL),(356,'2014.1','to_be_filled','infoprovas_antigo',0,20,52,5,'2020-05-23 22:58:05','2020-05-23 22:58:05',NULL),(357,'2015.1','to_be_filled','infoprovas_antigo',0,20,52,5,'2020-05-23 22:58:05','2020-05-23 22:58:05',NULL),(358,'2015.1','to_be_filled','infoprovas_antigo',0,20,52,4,'2020-05-23 22:58:05','2020-05-23 22:58:05',NULL),(359,'2014.1','to_be_filled','infoprovas_antigo',0,20,52,4,'2020-05-23 22:58:05','2020-05-23 22:58:05',NULL),(360,'2012.1','to_be_filled','infoprovas_antigo',0,20,52,4,'2020-05-23 22:58:05','2020-05-23 22:58:05',NULL),(361,'2011.1','to_be_filled','infoprovas_antigo',0,20,52,4,'2020-05-23 22:58:05','2020-05-23 22:58:05',NULL),(362,'2014.1','to_be_filled','infoprovas_antigo',0,20,52,1,'2020-05-23 22:58:05','2020-05-23 22:58:05',NULL),(363,'2014.1','to_be_filled','infoprovas_antigo',0,20,52,2,'2020-05-23 22:58:05','2020-05-23 22:58:05',NULL),(364,'2015.1','to_be_filled','infoprovas_antigo',0,20,52,2,'2020-05-23 22:58:05','2020-05-23 22:58:05',NULL),(365,'2015.1','to_be_filled','infoprovas_antigo',0,20,52,1,'2020-05-23 22:58:05','2020-05-23 22:58:05',NULL),(366,'2012.1','to_be_filled','infoprovas_antigo',0,20,52,2,'2020-05-23 22:58:05','2020-05-23 22:58:05',NULL),(367,'2013.1','to_be_filled','infoprovas_antigo',0,20,52,1,'2020-05-23 22:58:05','2020-05-23 22:58:05',NULL),(368,'2013.1','to_be_filled','infoprovas_antigo',0,20,52,1,'2020-05-23 22:58:05','2020-05-23 22:58:05',NULL),(369,'2011.1','to_be_filled','infoprovas_antigo',0,20,52,2,'2020-05-23 22:58:05','2020-05-23 22:58:05',NULL),(370,'2011.2','to_be_filled','infoprovas_antigo',0,20,52,2,'2020-05-23 22:58:05','2020-05-23 22:58:05',NULL),(371,'2013.1','to_be_filled','infoprovas_antigo',0,20,52,2,'2020-05-23 22:58:05','2020-05-23 22:58:05',NULL),(372,'2015.2','to_be_filled','infoprovas_antigo',0,13,28,2,'2020-05-23 22:58:05','2020-05-23 22:58:05',NULL),(373,'2015.2','to_be_filled','infoprovas_antigo',0,19,52,5,'2020-05-23 22:58:05','2020-05-23 22:58:05',NULL),(374,'2015.2','to_be_filled','infoprovas_antigo',0,29,28,1,'2020-05-23 22:58:05','2020-05-23 22:58:05',NULL),(375,'2015.2','to_be_filled','infoprovas_antigo',0,10,4,2,'2020-05-23 22:58:05','2020-05-23 22:58:05',NULL),(376,'2015.2','to_be_filled','infoprovas_antigo',0,20,52,4,'2020-05-23 22:58:05','2020-05-23 22:58:05',NULL),(377,'2015.1','to_be_filled','infoprovas_antigo',0,32,12,1,'2020-05-23 22:58:05','2020-05-23 22:58:05',NULL),(378,'2015.1','to_be_filled','infoprovas_antigo',0,32,12,2,'2020-05-23 22:58:05','2020-05-23 22:58:05',NULL),(379,'2015.1','to_be_filled','infoprovas_antigo',0,32,12,3,'2020-05-23 22:58:05','2020-05-23 22:58:05',NULL),(380,'2015.1','to_be_filled','infoprovas_antigo',0,32,12,5,'2020-05-23 22:58:05','2020-05-23 22:58:05',NULL),(381,'2015.2','to_be_filled','infoprovas_antigo',0,3,32,3,'2020-05-23 22:58:05','2020-05-23 22:58:05',NULL),(382,'2012.1','to_be_filled','infoprovas_antigo',0,33,55,1,'2020-05-23 22:58:05','2020-05-23 22:58:05',NULL),(383,'2014.2','to_be_filled','infoprovas_antigo',0,2,92,1,'2020-05-23 22:58:05','2020-05-23 22:58:05',NULL),(384,'2014.2','to_be_filled','infoprovas_antigo',0,2,92,6,'2020-05-23 22:58:05','2020-05-23 22:58:05',NULL),(385,'2014.2','to_be_filled','infoprovas_antigo',0,2,92,3,'2020-05-23 22:58:05','2020-05-23 22:58:05',NULL),(386,'2014.2','to_be_filled','infoprovas_antigo',0,2,92,1,'2020-05-23 22:58:05','2020-05-23 22:58:05',NULL),(387,'2015.1','to_be_filled','infoprovas_antigo',0,7,93,4,'2020-05-23 22:58:05','2020-05-23 22:58:05',NULL),(388,'2015.1','to_be_filled','infoprovas_antigo',0,3,32,1,'2020-05-23 22:58:05','2020-05-23 22:58:05',NULL),(389,'2016.1','to_be_filled','infoprovas_antigo',0,20,43,1,'2020-05-23 22:58:05','2020-05-23 22:58:05',NULL),(390,'2015.1','to_be_filled','infoprovas_antigo',0,28,50,1,'2020-05-23 22:58:05','2020-05-23 22:58:05',NULL),(391,'2016.1','to_be_filled','infoprovas_antigo',0,10,4,1,'2020-05-23 22:58:05','2020-05-23 22:58:05',NULL),(392,'2014.1','to_be_filled','infoprovas_antigo',0,21,39,1,'2020-05-23 22:58:05','2020-05-23 22:58:05',NULL),(393,'2014.1','to_be_filled','infoprovas_antigo',0,21,39,2,'2020-05-23 22:58:05','2020-05-23 22:58:05',NULL),(394,'2016.1','to_be_filled','infoprovas_antigo',0,2,58,1,'2020-05-23 22:58:05','2020-05-23 22:58:05',NULL),(395,'2016.1','to_be_filled','infoprovas_antigo',0,11,94,1,'2020-05-23 22:58:05','2020-05-23 22:58:05',NULL),(396,'2016.1','to_be_filled','infoprovas_antigo',0,16,60,1,'2020-05-23 22:58:05','2020-05-23 22:58:05',NULL),(397,'2016.1','to_be_filled','infoprovas_antigo',0,1,3,1,'2020-05-23 22:58:05','2020-05-23 22:58:05',NULL),(398,'2015.2','to_be_filled','infoprovas_antigo',0,19,89,1,'2020-05-23 22:58:05','2020-05-23 22:58:05',NULL),(399,'2015.2','to_be_filled','infoprovas_antigo',0,19,89,2,'2020-05-23 22:58:05','2020-05-23 22:58:05',NULL),(400,'2015.2','to_be_filled','infoprovas_antigo',0,19,89,3,'2020-05-23 22:58:05','2020-05-23 22:58:05',NULL),(401,'2015.2','to_be_filled','infoprovas_antigo',0,19,89,4,'2020-05-23 22:58:05','2020-05-23 22:58:05',NULL),(402,'2016.1','to_be_filled','infoprovas_antigo',0,19,89,1,'2020-05-23 22:58:05','2020-05-23 22:58:05',NULL),(403,'2016.1','to_be_filled','infoprovas_antigo',0,21,39,1,'2020-05-23 22:58:05','2020-05-23 22:58:05',NULL),(404,'2016.1','to_be_filled','infoprovas_antigo',0,11,90,1,'2020-05-23 22:58:05','2020-05-23 22:58:05',NULL),(405,'2015.2','to_be_filled','infoprovas_antigo',0,8,39,1,'2020-05-23 22:58:05','2020-05-23 22:58:05',NULL),(406,'2015.2','to_be_filled','infoprovas_antigo',0,12,95,1,'2020-05-23 22:58:05','2020-05-23 22:58:05',NULL),(407,'2015.2','to_be_filled','infoprovas_antigo',0,2,58,1,'2020-05-23 22:58:05','2020-05-23 22:58:05',NULL),(408,'2015.2','to_be_filled','infoprovas_antigo',0,2,58,2,'2020-05-23 22:58:05','2020-05-23 22:58:05',NULL),(409,'2015.2','to_be_filled','infoprovas_antigo',0,2,58,3,'2020-05-23 22:58:05','2020-05-23 22:58:05',NULL),(410,'2015.2','to_be_filled','infoprovas_antigo',0,2,58,6,'2020-05-23 22:58:05','2020-05-23 22:58:05',NULL),(411,'2015.1','to_be_filled','infoprovas_antigo',0,2,58,1,'2020-05-23 22:58:05','2020-05-23 22:58:05',NULL),(412,'2015.1','to_be_filled','infoprovas_antigo',0,2,58,2,'2020-05-23 22:58:05','2020-05-23 22:58:05',NULL),(413,'2015.1','to_be_filled','infoprovas_antigo',0,2,58,3,'2020-05-23 22:58:05','2020-05-23 22:58:05',NULL),(414,'2015.1','to_be_filled','infoprovas_antigo',0,2,58,6,'2020-05-23 22:58:05','2020-05-23 22:58:05',NULL),(415,'2015.1','to_be_filled','infoprovas_antigo',0,2,58,5,'2020-05-23 22:58:05','2020-05-23 22:58:05',NULL),(416,'2016.1','to_be_filled','infoprovas_antigo',0,10,4,1,'2020-05-23 22:58:05','2020-05-23 22:58:05',NULL),(417,'2016.1','to_be_filled','infoprovas_antigo',0,12,33,1,'2020-05-23 22:58:05','2020-05-23 22:58:05',NULL),(418,'2016.1','to_be_filled','infoprovas_antigo',0,8,56,1,'2020-05-23 22:58:05','2020-05-23 22:58:05',NULL),(419,'2016.1','to_be_filled','infoprovas_antigo',0,19,89,2,'2020-05-23 22:58:05','2020-05-23 22:58:05',NULL),(420,'2016.1','to_be_filled','infoprovas_antigo',0,19,89,3,'2020-05-23 22:58:05','2020-05-23 22:58:05',NULL),(421,'2016.1','to_be_filled','infoprovas_antigo',0,14,10,1,'2020-05-23 22:58:05','2020-05-23 22:58:05',NULL),(422,'2016.1','to_be_filled','infoprovas_antigo',0,16,60,2,'2020-05-23 22:58:05','2020-05-23 22:58:05',NULL),(423,'2016.1','to_be_filled','infoprovas_antigo',0,11,94,2,'2020-05-23 22:58:05','2020-05-23 22:58:05',NULL),(424,'2016.1','to_be_filled','infoprovas_antigo',0,10,4,5,'2020-05-23 22:58:05','2020-05-23 22:58:05',NULL),(425,'2016.1','to_be_filled','infoprovas_antigo',0,1,52,1,'2020-05-23 22:58:05','2020-05-23 22:58:05',NULL),(426,'2016.1','to_be_filled','infoprovas_antigo',0,1,52,2,'2020-05-23 22:58:05','2020-05-23 22:58:05',NULL),(427,'2016.1','to_be_filled','infoprovas_antigo',0,1,52,1,'2020-05-23 22:58:05','2020-05-23 22:58:05',NULL),(428,'2016.1','to_be_filled','infoprovas_antigo',0,1,52,1,'2020-05-23 22:58:05','2020-05-23 22:58:05',NULL),(429,'2016.1','to_be_filled','infoprovas_antigo',0,8,53,1,'2020-05-23 22:58:05','2020-05-23 22:58:05',NULL),(430,'2016.1','to_be_filled','infoprovas_antigo',0,8,53,2,'2020-05-23 22:58:05','2020-05-23 22:58:05',NULL),(431,'2016.1','to_be_filled','infoprovas_antigo',0,10,4,2,'2020-05-23 22:58:05','2020-05-23 22:58:05',NULL),(432,'2016.1','to_be_filled','infoprovas_antigo',0,10,4,4,'2020-05-23 22:58:05','2020-05-23 22:58:05',NULL),(433,'2016.1','to_be_filled','infoprovas_antigo',0,8,56,2,'2020-05-23 22:58:05','2020-05-23 22:58:05',NULL),(434,'2016.1','to_be_filled','infoprovas_antigo',0,7,92,1,'2020-05-23 22:58:05','2020-05-23 22:58:05',NULL),(435,'2016.1','to_be_filled','infoprovas_antigo',0,7,60,2,'2020-05-23 22:58:05','2020-05-23 22:58:05',NULL),(436,'2016.1','to_be_filled','infoprovas_antigo',0,1,52,2,'2020-05-23 22:58:05','2020-05-23 22:58:05',NULL),(437,'2016.1','to_be_filled','infoprovas_antigo',0,7,60,4,'2020-05-23 22:58:05','2020-05-23 22:58:05',NULL),(438,'2016.1','to_be_filled','infoprovas_antigo',0,11,94,3,'2020-05-23 22:58:05','2020-05-23 22:58:05',NULL),(439,'2016.2','to_be_filled','infoprovas_antigo',0,2,58,1,'2020-05-23 22:58:05','2020-05-23 22:58:05',NULL),(440,'2016.2','to_be_filled','infoprovas_antigo',0,1,3,1,'2020-05-23 22:58:05','2020-05-23 22:58:05',NULL),(441,'2016.2','to_be_filled','infoprovas_antigo',0,4,4,1,'2020-05-23 22:58:05','2020-05-23 22:58:05',NULL),(442,'2003.1','to_be_filled','infoprovas_antigo',0,23,22,1,'2020-05-23 22:58:05','2020-05-23 22:58:05',NULL),(443,'2002.1','to_be_filled','infoprovas_antigo',0,23,22,1,'2020-05-23 22:58:05','2020-05-23 22:58:05',NULL),(444,'2002.2','to_be_filled','infoprovas_antigo',0,23,22,4,'2020-05-23 22:58:05','2020-05-23 22:58:05',NULL),(445,'2002.2','to_be_filled','infoprovas_antigo',0,23,22,4,'2020-05-23 22:58:05','2020-05-23 22:58:05',NULL),(446,'2002.2','to_be_filled','infoprovas_antigo',0,23,22,5,'2020-05-23 22:58:05','2020-05-23 22:58:05',NULL),(447,'2006.2','to_be_filled','infoprovas_antigo',0,23,22,1,'2020-05-23 22:58:05','2020-05-23 22:58:05',NULL),(448,'2007.2','to_be_filled','infoprovas_antigo',0,23,22,4,'2020-05-23 22:58:05','2020-05-23 22:58:05',NULL),(449,'2016.1','to_be_filled','infoprovas_antigo',0,23,22,1,'2020-05-23 22:58:05','2020-05-23 22:58:05',NULL),(450,'2014.2','to_be_filled','infoprovas_antigo',0,23,22,1,'2020-05-23 22:58:05','2020-05-23 22:58:05',NULL),(451,'2016.2','to_be_filled','infoprovas_antigo',0,2,58,2,'2020-05-23 22:58:05','2020-05-23 22:58:05',NULL),(452,'2016.2','to_be_filled','infoprovas_antigo',0,3,95,1,'2020-05-23 22:58:05','2020-05-23 22:58:05',NULL),(453,'2016.2','to_be_filled','infoprovas_antigo',0,3,95,2,'2020-05-23 22:58:05','2020-05-23 22:58:05',NULL),(454,'2016.2','to_be_filled','infoprovas_antigo',0,17,68,1,'2020-05-23 22:58:05','2020-05-23 22:58:05',NULL),(455,'2016.2','to_be_filled','infoprovas_antigo',0,4,4,2,'2020-05-23 22:58:05','2020-05-23 22:58:05',NULL),(456,'2016.2','to_be_filled','infoprovas_antigo',0,2,58,3,'2020-05-23 22:58:05','2020-05-23 22:58:05',NULL),(457,'2016.2','to_be_filled','infoprovas_antigo',0,2,58,2,'2020-05-23 22:58:05','2020-05-23 22:58:05',NULL),(458,'2017.2','to_be_filled','infoprovas_antigo',0,10,4,2,'2020-05-23 22:58:05','2020-05-23 22:58:05',NULL),(459,'2018.1','to_be_filled','infoprovas_antigo',0,12,30,1,'2020-05-23 22:58:05','2020-05-23 22:58:05',NULL),(460,'2017.1','to_be_filled','infoprovas_antigo',0,8,39,1,'2020-05-23 22:58:05','2020-05-23 22:58:05',NULL),(461,'2018.1','to_be_filled','infoprovas_antigo',0,12,95,1,'2020-05-23 22:58:05','2020-05-23 22:58:05',NULL),(462,'2018.1','to_be_filled','infoprovas_antigo',0,13,39,1,'2020-05-23 22:58:05','2020-05-23 22:58:05',NULL),(463,'2018.1','to_be_filled','infoprovas_antigo',0,14,10,1,'2020-05-23 22:58:05','2020-05-23 22:58:05',NULL),(464,'2018.1','to_be_filled','infoprovas_antigo',0,10,4,1,'2020-05-23 22:58:05','2020-05-23 22:58:05',NULL),(465,'2018.1','to_be_filled','infoprovas_antigo',0,12,95,2,'2020-05-23 22:58:05','2020-05-23 22:58:05',NULL),(466,'2018.1','to_be_filled','infoprovas_antigo',0,10,4,2,'2020-05-23 22:58:05','2020-05-23 22:58:05',NULL),(467,'2018.1','to_be_filled','infoprovas_antigo',0,14,10,2,'2020-05-23 22:58:05','2020-05-23 22:58:05',NULL),(468,'2018.1','to_be_filled','infoprovas_antigo',0,13,39,2,'2020-05-23 22:58:05','2020-05-23 22:58:05',NULL),(469,'2018.1','to_be_filled','infoprovas_antigo',0,21,39,1,'2020-05-23 22:58:05','2020-05-23 22:58:05',NULL),(470,'2018.1','to_be_filled','infoprovas_antigo',0,21,39,2,'2020-05-23 22:58:05','2020-05-23 22:58:05',NULL),(471,'2018.1','to_be_filled','infoprovas_antigo',0,34,18,1,'2020-05-23 22:58:05','2020-05-23 22:58:05',NULL),(472,'2018.1','to_be_filled','infoprovas_antigo',0,34,18,2,'2020-05-23 22:58:05','2020-05-23 22:58:05',NULL),(473,'2018.1','to_be_filled','infoprovas_antigo',0,13,39,2,'2020-05-23 22:58:05','2020-05-23 22:58:05',NULL),(474,'2018.1','to_be_filled','infoprovas_antigo',0,21,39,4,'2020-05-23 22:58:05','2020-05-23 22:58:05',NULL),(475,'2018.1','to_be_filled','infoprovas_antigo',0,6,56,2,'2020-05-23 22:58:05','2020-05-23 22:58:05',NULL),(476,'2018.1','to_be_filled','infoprovas_antigo',0,12,95,3,'2020-05-23 22:58:05','2020-05-23 22:58:05',NULL),(477,'2018.1','to_be_filled','infoprovas_antigo',0,12,95,4,'2020-05-23 22:58:05','2020-05-23 22:58:05',NULL),(478,'2018.1','to_be_filled','infoprovas_antigo',0,13,39,3,'2020-05-23 22:58:05','2020-05-23 22:58:05',NULL),(479,'2017.1','to_be_filled','infoprovas_antigo',0,18,95,2,'2020-05-23 22:58:05','2020-05-23 22:58:05',NULL),(480,'2017.1','to_be_filled','infoprovas_antigo',0,18,95,1,'2020-05-23 22:58:06','2020-05-23 22:58:06',NULL),(481,'2017.1','to_be_filled','infoprovas_antigo',0,25,20,2,'2020-05-23 22:58:06','2020-05-23 22:58:06',NULL),(482,'2017.1','to_be_filled','infoprovas_antigo',0,18,95,2,'2020-05-23 22:58:06','2020-05-23 22:58:06',NULL),(483,'2017.1','to_be_filled','infoprovas_antigo',0,25,20,1,'2020-05-23 22:58:06','2020-05-23 22:58:06',NULL),(484,'2018.1','to_be_filled','infoprovas_antigo',0,49,73,2,'2020-05-23 22:58:06','2020-05-23 22:58:06',NULL),(485,'2018.1','to_be_filled','infoprovas_antigo',0,28,90,2,'2020-05-23 22:58:06','2020-05-23 22:58:06',NULL),(486,'2018.1','to_be_filled','infoprovas_antigo',0,6,56,2,'2020-05-23 22:58:06','2020-05-23 22:58:06',NULL),(487,'2018.2','to_be_filled','infoprovas_antigo',0,13,39,1,'2020-05-23 22:58:06','2020-05-23 22:58:06',NULL),(488,'2018.2','to_be_filled','infoprovas_antigo',0,18,36,1,'2020-05-23 22:58:06','2020-05-23 22:58:06',NULL),(489,'2018.2','to_be_filled','infoprovas_antigo',0,15,43,1,'2020-05-23 22:58:06','2020-05-23 22:58:06',NULL),(490,'2018.2','to_be_filled','infoprovas_antigo',0,14,10,1,'2020-05-23 22:58:06','2020-05-23 22:58:06',NULL),(491,'2018.2','to_be_filled','infoprovas_antigo',0,14,10,1,'2020-05-23 22:58:06','2020-05-23 22:58:06',NULL),(492,'2018.2','to_be_filled','infoprovas_antigo',0,31,33,1,'2020-05-23 22:58:06','2020-05-23 22:58:06',NULL),(493,'2018.2','to_be_filled','infoprovas_antigo',0,13,39,2,'2020-05-23 22:58:06','2020-05-23 22:58:06',NULL),(494,'2018.2','to_be_filled','infoprovas_antigo',0,15,43,2,'2020-05-23 22:58:06','2020-05-23 22:58:06',NULL),(495,'2018.2','to_be_filled','infoprovas_antigo',0,12,95,2,'2020-05-23 22:58:06','2020-05-23 22:58:06',NULL),(496,'2018.2','to_be_filled','infoprovas_antigo',0,14,10,2,'2020-05-23 22:58:06','2020-05-23 22:58:06',NULL),(497,'2018.2','to_be_filled','infoprovas_antigo',0,15,43,4,'2020-05-23 22:58:06','2020-05-23 22:58:06',NULL),(498,'2018.2','to_be_filled','infoprovas_antigo',0,4,43,1,'2020-05-23 22:58:06','2020-05-23 22:58:06',NULL),(499,'2018.2','to_be_filled','infoprovas_antigo',0,4,43,2,'2020-05-23 22:58:06','2020-05-23 22:58:06',NULL),(500,'2018.2','to_be_filled','infoprovas_antigo',0,4,43,4,'2020-05-23 22:58:06','2020-05-23 22:58:06',NULL),(501,'2018.2','to_be_filled','infoprovas_antigo',0,12,95,3,'2020-05-23 22:58:06','2020-05-23 22:58:06',NULL),(502,'2018.2','to_be_filled','infoprovas_antigo',0,6,56,2,'2020-05-23 22:58:06','2020-05-23 22:58:06',NULL),(503,'2018.2','to_be_filled','infoprovas_antigo',0,6,56,1,'2020-05-23 22:58:06','2020-05-23 22:58:06',NULL),(504,'2018.2','to_be_filled','infoprovas_antigo',0,59,96,1,'2020-05-23 22:58:06','2020-05-23 22:58:06',NULL),(505,'2017.1','to_be_filled','infoprovas_antigo',0,1,97,1,'2020-05-23 22:58:06','2020-05-23 22:58:06',NULL),(506,'2017.1','to_be_filled','infoprovas_antigo',0,1,97,2,'2020-05-23 22:58:06','2020-05-23 22:58:06',NULL),(507,'2017.2','to_be_filled','infoprovas_antigo',0,5,35,1,'2020-05-23 22:58:06','2020-05-23 22:58:06',NULL),(508,'2017.2','to_be_filled','infoprovas_antigo',0,4,98,2,'2020-05-23 22:58:06','2020-05-23 22:58:06',NULL),(509,'2018.1','to_be_filled','infoprovas_antigo',0,10,4,4,'2020-05-23 22:58:06','2020-05-23 22:58:06',NULL),(510,'2018.2','to_be_filled','infoprovas_antigo',0,13,39,3,'2020-05-23 22:58:06','2020-05-23 22:58:06',NULL),(511,'2018.1','to_be_filled','infoprovas_antigo',0,4,98,1,'2020-05-23 22:58:06','2020-05-23 22:58:06',NULL),(512,'2018.1','to_be_filled','infoprovas_antigo',0,4,98,2,'2020-05-23 22:58:06','2020-05-23 22:58:06',NULL),(513,'2018.2','to_be_filled','infoprovas_antigo',0,10,4,2,'2020-05-23 22:58:06','2020-05-23 22:58:06',NULL),(514,'2018.2','to_be_filled','infoprovas_antigo',0,10,4,4,'2020-05-23 22:58:06','2020-05-23 22:58:06',NULL),(515,'2018.2','to_be_filled','infoprovas_antigo',0,10,4,1,'2020-05-23 22:58:06','2020-05-23 22:58:06',NULL),(516,'2018.2','to_be_filled','infoprovas_antigo',0,10,4,5,'2020-05-23 22:58:06','2020-05-23 22:58:06',NULL),(517,'2018.2','to_be_filled','infoprovas_antigo',0,9,99,2,'2020-05-23 22:58:06','2020-05-23 22:58:06',NULL),(518,'2018.1','to_be_filled','infoprovas_antigo',0,1,96,1,'2020-05-23 22:58:06','2020-05-23 22:58:06',NULL),(519,'2018.1','to_be_filled','infoprovas_antigo',0,1,96,2,'2020-05-23 22:58:06','2020-05-23 22:58:06',NULL),(520,'2018.1','to_be_filled','infoprovas_antigo',0,1,96,5,'2020-05-23 22:58:06','2020-05-23 22:58:06',NULL),(521,'2016.2','to_be_filled','infoprovas_antigo',0,1,55,1,'2020-05-23 22:58:06','2020-05-23 22:58:06',NULL),(522,'2017.1','to_be_filled','infoprovas_antigo',0,1,55,1,'2020-05-23 22:58:06','2020-05-23 22:58:06',NULL),(523,'2016.2','to_be_filled','infoprovas_antigo',0,1,55,2,'2020-05-23 22:58:06','2020-05-23 22:58:06',NULL),(524,'2017.1','to_be_filled','infoprovas_antigo',0,1,55,2,'2020-05-23 22:58:06','2020-05-23 22:58:06',NULL),(525,'2018.1','to_be_filled','infoprovas_antigo',0,5,35,1,'2020-05-23 22:58:06','2020-05-23 22:58:06',NULL),(526,'2018.1','to_be_filled','infoprovas_antigo',0,4,98,3,'2020-05-23 22:58:06','2020-05-23 22:58:06',NULL),(527,'2018.2','to_be_filled','infoprovas_antigo',0,12,95,1,'2020-05-23 22:58:06','2020-05-23 22:58:06',NULL),(528,'2018.2','to_be_filled','infoprovas_antigo',0,15,44,1,'2020-05-23 22:58:06','2020-05-23 22:58:06',NULL),(529,'2018.2','to_be_filled','infoprovas_antigo',0,15,44,2,'2020-05-23 22:58:06','2020-05-23 22:58:06',NULL),(530,'2018.2','to_be_filled','infoprovas_antigo',0,15,44,3,'2020-05-23 22:58:06','2020-05-23 22:58:06',NULL),(531,'2018.2','to_be_filled','infoprovas_antigo',0,15,44,4,'2020-05-23 22:58:06','2020-05-23 22:58:06',NULL),(532,'2018.1','to_be_filled','infoprovas_antigo',0,15,44,1,'2020-05-23 22:58:06','2020-05-23 22:58:06',NULL),(533,'2018.1','to_be_filled','infoprovas_antigo',0,15,44,2,'2020-05-23 22:58:06','2020-05-23 22:58:06',NULL),(534,'2018.1','to_be_filled','infoprovas_antigo',0,15,44,3,'2020-05-23 22:58:06','2020-05-23 22:58:06',NULL),(535,'2018.1','to_be_filled','infoprovas_antigo',0,15,44,4,'2020-05-23 22:58:06','2020-05-23 22:58:06',NULL),(536,'2017.2','to_be_filled','infoprovas_antigo',0,1,3,1,'2020-05-23 22:58:06','2020-05-23 22:58:06',NULL),(537,'2017.2','to_be_filled','infoprovas_antigo',0,1,3,2,'2020-05-23 22:58:06','2020-05-23 22:58:06',NULL),(538,'2017.2','to_be_filled','infoprovas_antigo',0,1,3,4,'2020-05-23 22:58:06','2020-05-23 22:58:06',NULL),(539,'2018.2','to_be_filled','infoprovas_antigo',0,12,95,4,'2020-05-23 22:58:06','2020-05-23 22:58:06',NULL),(540,'2018.1','to_be_filled','infoprovas_antigo',0,12,30,4,'2020-05-23 22:58:06','2020-05-23 22:58:06',NULL),(541,'2016.2','to_be_filled','infoprovas_antigo',0,5,35,1,'2020-05-23 22:58:06','2020-05-23 22:58:06',NULL),(542,'2018.2','to_be_filled','infoprovas_antigo',0,12,95,5,'2020-05-23 22:58:06','2020-05-23 22:58:06',NULL),(543,'2018.1','to_be_filled','infoprovas_antigo',0,20,12,1,'2020-05-23 22:58:06','2020-05-23 22:58:06',NULL),(544,'2018.1','to_be_filled','infoprovas_antigo',0,20,12,2,'2020-05-23 22:58:06','2020-05-23 22:58:06',NULL),(545,'2018.1','to_be_filled','infoprovas_antigo',0,20,12,3,'2020-05-23 22:58:06','2020-05-23 22:58:06',NULL),(546,'2018.2','to_be_filled','infoprovas_antigo',0,20,12,1,'2020-05-23 22:58:06','2020-05-23 22:58:06',NULL),(547,'2018.2','to_be_filled','infoprovas_antigo',0,20,12,2,'2020-05-23 22:58:06','2020-05-23 22:58:06',NULL),(548,'2018.2','to_be_filled','infoprovas_antigo',0,20,12,3,'2020-05-23 22:58:06','2020-05-23 22:58:06',NULL);
/*!40000 ALTER TABLE `exams` ENABLE KEYS */;
UNLOCK TABLES;

--
-- Table structure for table `migrations`
--

DROP TABLE IF EXISTS `migrations`;
/*!40101 SET @saved_cs_client     = @@character_set_client */;
/*!40101 SET character_set_client = utf8 */;
CREATE TABLE `migrations` (
  `id` int(10) unsigned NOT NULL AUTO_INCREMENT,
  `migration` varchar(255) COLLATE utf8mb4_unicode_ci NOT NULL,
  `batch` int(11) NOT NULL,
  PRIMARY KEY (`id`)
) ENGINE=InnoDB AUTO_INCREMENT=7 DEFAULT CHARSET=utf8mb4 COLLATE=utf8mb4_unicode_ci;
/*!40101 SET character_set_client = @saved_cs_client */;

--
-- Dumping data for table `migrations`
--

LOCK TABLES `migrations` WRITE;
/*!40000 ALTER TABLE `migrations` DISABLE KEYS */;
INSERT INTO `migrations` VALUES (1,'2020_05_06_231353_create_first_tables',1),(5,'2020_05_15_202059_update_exams_table',2),(6,'2020_05_21_235729_create_contacts_table',3);
/*!40000 ALTER TABLE `migrations` ENABLE KEYS */;
UNLOCK TABLES;

--
-- Table structure for table `professors`
--

DROP TABLE IF EXISTS `professors`;
/*!40101 SET @saved_cs_client     = @@character_set_client */;
/*!40101 SET character_set_client = utf8 */;
CREATE TABLE `professors` (
  `id` bigint(20) unsigned NOT NULL AUTO_INCREMENT,
  `name` varchar(255) COLLATE utf8mb4_unicode_ci NOT NULL,
  `course_id` bigint(20) unsigned NOT NULL,
  PRIMARY KEY (`id`),
  KEY `professors_course_id_foreign` (`course_id`),
  CONSTRAINT `professors_course_id_foreign` FOREIGN KEY (`course_id`) REFERENCES `courses` (`id`)
) ENGINE=InnoDB AUTO_INCREMENT=100 DEFAULT CHARSET=utf8mb4 COLLATE=utf8mb4_unicode_ci;
/*!40101 SET character_set_client = @saved_cs_client */;

--
-- Dumping data for table `professors`
--

LOCK TABLES `professors` WRITE;
/*!40000 ALTER TABLE `professors` DISABLE KEYS */;
INSERT INTO `professors` VALUES (1,'Maria Luiza Machado Campos',1),(2,'Adriana Santarosa Vivacqua',1),(3,'Adriano Joaquim de Oliveira Cruz',1),(4,'Ageu Cavalcanti Pacheco Junior',1),(5,'Aline Martins Paes',1),(6,'Angela Maria Gonçalves Leal',1),(7,'Antonio Carlos Gay Thomé',1),(8,'Carla Amor Divino Moreira Delgado',1),(9,'Carlos Alberto da Silva Franco',1),(10,'Claudson Ferreira Bornstein',1),(11,'Daniel G. Alfaro Vigo',1),(12,'Daniel Sadoc Menasche',1),(13,'Eber Assis Schmitz',1),(14,'Edil S. T. Fernandes',1),(15,'Eduardo Peixoto Paz',1),(16,'Fabio Mascarenhas',1),(17,'Fernando Silva Pereira Manso',1),(18,'Flávia Delicato',1),(19,'Flávio Assemany',1),(20,'Gabriel Pereira da Silva',1),(21,'Geraldo Bonorino Xexéo',1),(22,'Geraldo Zimbrão da Silva',1),(23,'Guilherme Chagas Rodrigues',1),(24,'Ivan da Costa Marques',1),(25,'Jonice de Oliveira Sampaio',1),(26,'Josefino Cabral Melo Lima',1),(27,'José Fábio Marinho de Araújo',1),(28,'João Carlos Pereira da Silva',1),(29,'João Lauro Dornelles Facó',1),(30,'Juliana Vianna Valério',1),(31,'Leandro Schaeffer Marturelli',1),(32,'Luis Menasché Schechter',1),(33,'Luziane Ferreira de Mendonça',1),(34,'Marcello Goulart Teixeira',1),(35,'Marcos Roberto da Silva Borges',1),(36,'Maria Helena Cautiero Horta Jardim',1),(37,'Mauro Antonio Rincon',1),(38,'Miguel Jonathan',1),(39,'Mitre Costa Dourado',1),(40,'Márcia Helena da Costa Fampa',1),(41,'Márcia Rosana Cerioli',1),(42,'Mário Roberto F. Benevides',1),(43,'Nelson Quilula Vasconcelos',1),(44,'Paulo Henrique de Aguiar Rodrigues',1),(45,'Paulo Pires',1),(46,'Paulo Roberto Godoy Bordoni',1),(47,'Paulo Roma Cavalcanti',1),(48,'Pedro Manoel da Silveira',1),(49,'Raphael',1),(50,'Rodrigo Penteado Ribeiro de Toledo',1),(51,'Severino Collier Coutinho',1),(52,'Silvana Rossetto',1),(53,'Sulamita Klein',1),(54,'Susana Scheimberg de Makler',1),(55,'Valeria Bastos',1),(56,'Vinícius Gusmão Pereira de Sá',1),(57,'Wendel Alexandre Xavier de Melo',1),(58,'Monique Carmona',1),(59,'Marcelo Byrro',1),(60,'Flávio Dickstein',1),(61,'João Caminada',1),(62,'Marco Cabral',1),(63,'Alexis Hernández',1),(64,'Fábio Protti',1),(65,'César J. Niche',1),(66,'Joaquim Lopes Neto',1),(67,'Felipe Sales',1),(68,'Lacramiora Marianty Ionel',1),(69,'Celina Miraglia Herrera De Figueiredo',1),(70,'Paulo Carrilho',1),(71,'Henrique Bocshi Filho',1),(72,'Filadelfo Cardoso Santos',1),(73,'Carlos Renato Mota',1),(74,'Rolci Cipolatti',1),(75,'Jorge Luis Vivas Barreto',1),(76,'Alexandre Soares',1),(77,'Luca Roberto Augusto Moriconi',1),(78,'Raymundo De Oliveira',1),(79,'Não Informado',1),(80,'Cálculo Unificado',1),(81,'Paulo Goldfeld',1),(82,'Lacramioara Marianty Ionel',1),(83,'Francesco Noseda',1),(84,'Juan López Gondar',1),(85,'Ildeu De Castro Moreira',1),(86,'Ricardo Rosa',1),(87,'Marina Silva Paez',1),(88,'Dora Izzo',1),(89,'André Saraiva',1),(90,'Outro Professor',1),(91,'Nei Rocha',1),(92,'Felipe Acker',1),(93,'Fabio Ramos',1),(94,'Fernando Cardoso Lopes',1),(95,'João Paixão',1),(96,'Giseli Rabello',1),(97,'Allan Goulart',1),(98,'Anamaria Martins Moreira',1),(99,'Daniel Schneider',1);
/*!40000 ALTER TABLE `professors` ENABLE KEYS */;
UNLOCK TABLES;

--
-- Table structure for table `subjects`
--

DROP TABLE IF EXISTS `subjects`;
/*!40101 SET @saved_cs_client     = @@character_set_client */;
/*!40101 SET character_set_client = utf8 */;
CREATE TABLE `subjects` (
  `id` bigint(20) unsigned NOT NULL AUTO_INCREMENT,
  `code` varchar(255) COLLATE utf8mb4_unicode_ci NOT NULL,
  `name` varchar(255) COLLATE utf8mb4_unicode_ci NOT NULL,
  `semester` int(11) DEFAULT NULL,
  `course_id` bigint(20) unsigned NOT NULL,
  PRIMARY KEY (`id`),
  KEY `subjects_course_id_foreign` (`course_id`),
  CONSTRAINT `subjects_course_id_foreign` FOREIGN KEY (`course_id`) REFERENCES `courses` (`id`)
) ENGINE=InnoDB AUTO_INCREMENT=60 DEFAULT CHARSET=utf8mb4 COLLATE=utf8mb4_unicode_ci;
/*!40101 SET character_set_client = @saved_cs_client */;

--
-- Dumping data for table `subjects`
--

LOCK TABLES `subjects` WRITE;
/*!40000 ALTER TABLE `subjects` DISABLE KEYS */;
INSERT INTO `subjects` VALUES (1,'MAB120','Computação I',1,1),(2,'MAE111','Cálculo Infinitesimal I',1,1),(3,'MAB624','Números Inteiros e Criptografia',1,1),(4,'MAB111','Fundamentos da Computação Digital',1,1),(5,'MAB112','Sistemas de Informação',1,1),(6,'MAB240','Computação II',2,1),(7,'MAE992','Cálculo Integral e Diferencial II',2,1),(8,'MAB352','Matemática Combinatória',2,1),(9,'MAB113','Organização da Informação',2,1),(10,'MAB245','Circuitos Lógicos',2,1),(11,'FIW125','Mecânica, Oscilações e Ondas',3,1),(12,'MAB115','Álgebra Linear Algorítmica',3,1),(13,'MAB123','Linguagens Formais',3,1),(14,'MAB116','Estrutura de Dados',3,1),(15,'MAB353','Computadores e Programação',3,1),(16,'MAE993','Cálculo Integral e Diferencial III',3,1),(17,'MAE994','Cálculo Integral e Diferencial IV',4,1),(18,'MAB230','Cálculo Numérico',4,1),(19,'FIW230','Eletromagnetismo e Ótica',4,1),(20,'MAB117','Computação Concorrente',4,1),(21,'MAB368','Algoritmos e Grafos',4,1),(22,'MAB236','Lógica',5,1),(23,'MAB471','Compiladores I',5,1),(24,'MAB533','Fundamentos da Engenharia de Software',5,1),(25,'MAB489','Banco de Dados I',5,1),(26,'MAB354','Computadores e Sociedade',5,1),(27,'MAB355','Arquitetura de Computadores I',5,1),(28,'MAB122','Computação Gráfica I',6,1),(29,'MAB508','Inteligência Artificial',6,1),(30,'MAD243','Estatística e Probabilidade',6,1),(31,'MAB232','Programação Linear I',6,1),(32,'MAB515','Avaliação e Desempenho',7,1),(33,'MAB366','Sistemas Operacionais I',7,1),(34,'MAB510','Teleprocessamento e Redes',8,1),(35,'MAB528','Tópicos Especiais em Algoritmos',0,1),(36,'MAB369','Arquitetura de Computadores II',0,1),(37,'MAB635','Laboratório de Sistemas Digitais',0,1),(38,'MAB622','Programação Paralela e Distribuída',0,1),(39,'MAB242','Computação III',0,1),(40,'MAB529','Sistemas Complexos Inteligentes I',0,1),(41,'MAB608','Tópicos Especiais em Inteligência Computacional',0,1),(42,'MAB525','Tópicos Especiais em Inteligência Artificial',0,1),(43,'MAB517','Análise Numérica de Equações Diferenciais Parciais I',0,1),(44,'MAB478','Métodos Numéricos I',0,1),(45,'MAB616','Interface Humano Computador',0,1),(46,'MAB527','Tópicos Especiais em Sistemas de Informação',0,1),(47,'MAB638','Computação Algébrica I',0,1),(48,'MAB634','Conhecimento e Inovação',0,1),(49,'IEE115','Economia',0,1),(50,'MAB607','Empreendimentos em Informática',0,1),(51,'MAB637','Governança da Internet',0,1),(52,'MAB601','Tópicos Especiais em Engenharia de Software (Jogos)',0,1),(53,'MAB539','Desenvolvimento Ágil',0,1),(54,'MAB367','Sistemas Distribuídos',0,1),(55,'MAB606','Tópicos Especiais em Programação (Linux)',0,1),(56,'MAB003','Tópicos Especiais em Sistemas de Informação (Segurança)',0,1),(57,'MAB605','Recuperação da Informação',0,1),(58,'MAB535','Modelagem De Sistemas De Informação',0,1),(59,'MAB609','Tópicos Especiais Em Banco De Dados I',0,1);
/*!40000 ALTER TABLE `subjects` ENABLE KEYS */;
UNLOCK TABLES;
/*!40103 SET TIME_ZONE=@OLD_TIME_ZONE */;

/*!40101 SET SQL_MODE=@OLD_SQL_MODE */;
/*!40014 SET FOREIGN_KEY_CHECKS=@OLD_FOREIGN_KEY_CHECKS */;
/*!40014 SET UNIQUE_CHECKS=@OLD_UNIQUE_CHECKS */;
/*!40101 SET CHARACTER_SET_CLIENT=@OLD_CHARACTER_SET_CLIENT */;
/*!40101 SET CHARACTER_SET_RESULTS=@OLD_CHARACTER_SET_RESULTS */;
/*!40101 SET COLLATION_CONNECTION=@OLD_COLLATION_CONNECTION */;
/*!40111 SET SQL_NOTES=@OLD_SQL_NOTES */;

-- Dump completed on 2020-05-23 17:03:55
